state,date,ML,High_90,Low_90
AMA,2020-04-08,3.0,6.99,1.01
AMA,2020-04-09,3.29,7.03,1.19
AMA,2020-04-10,3.38,6.51,1.31
AMA,2020-04-11,3.0,5.52,1.19
AMA,2020-04-12,2.77,5.01,1.16
AMA,2020-04-13,2.6,4.61,1.09
AMA,2020-04-14,2.47,4.35,1.07
AMA,2020-04-15,2.52,4.32,1.14
AMA,2020-04-16,2.52,4.18,1.15
AMA,2020-04-17,2.49,4.07,1.2
AMA,2020-04-18,2.34,3.80,1.14
AMA,2020-04-19,2.13,3.49,1.03
AMA,2020-04-20,1.98,3.28,0.96
AMA,2020-04-21,1.86,3.09,0.88
AMA,2020-04-22,1.83,3.02,0.86
AMA,2020-04-23,1.81,2.99,0.87
AMA,2020-04-24,1.85,3.02,0.91
AMA,2020-04-25,1.94,3.11,1.0
AMA,2020-04-26,2.01,3.12,1.05
AMA,2020-04-27,2.06,3.12,1.11
AMA,2020-04-28,2.02,3.07,1.14
AMA,2020-04-29,1.89,2.86,1.04
AMA,2020-04-30,1.84,2.77,1.02
AMA,2020-05-01,1.78,2.7,1.01
AMA,2020-05-02,1.7,2.55,0.93
AMA,2020-05-03,1.67,2.52,0.94
AMA,2020-05-04,1.67,2.51,0.96
AMA,2020-05-05,1.64,2.41,0.91
AMA,2020-05-06,1.64,2.41,0.94
AMA,2020-05-07,1.64,2.41,0.97
AMA,2020-05-08,1.64,2.35,0.95
AMA,2020-05-09,1.61,2.34,0.97
AMA,2020-05-10,1.55,2.26,0.93
AMA,2020-05-11,1.51,2.16,0.87
AMA,2020-05-12,1.49,2.16,0.89
AMA,2020-05-13,1.58,2.24,0.98
AMA,2020-05-14,1.67,2.33,1.09
AMA,2020-05-15,1.73,2.35,1.15
AMA,2020-05-16,1.71,2.33,1.17
AMA,2020-05-17,1.63,2.2,1.09
AMA,2020-05-18,1.54,2.09,1.02
AMA,2020-05-19,1.48,2.02,0.98
AMA,2020-05-20,1.46,2.0,0.98
AMA,2020-05-21,1.5,2.02,1.02
AMA,2020-05-22,1.51,1.99,1.02
AMA,2020-05-23,1.49,1.99,1.04
AMA,2020-05-24,1.47,1.97,1.04
AMA,2020-05-25,1.44,1.90,1.0
AMA,2020-05-26,1.41,1.86,0.98
AMA,2020-05-27,1.40,1.83,0.97
AMA,2020-05-28,1.40,1.85,1.0
AMA,2020-05-29,1.45,1.88,1.05
AMA,2020-05-30,1.45,1.87,1.06
AMA,2020-05-31,1.45,1.86,1.07
AMA,2020-06-01,1.43,1.82,1.05
AMA,2020-06-02,1.41,1.78,1.03
AMA,2020-06-03,1.38,1.77,1.03
AMA,2020-06-04,1.35,1.72,1.0
AMA,2020-06-05,1.31,1.68,0.97
AMA,2020-06-06,1.29,1.66,0.96
AMA,2020-06-07,1.25,1.62,0.93
AMA,2020-06-08,1.23,1.59,0.91
AMA,2020-06-09,1.25,1.59,0.92
AMA,2020-06-10,1.28,1.61,0.95
AMA,2020-06-11,1.32,1.65,1.0
AMA,2020-06-12,1.35,1.68,1.04
AMA,2020-06-13,1.35,1.68,1.05
AMA,2020-06-14,1.33,1.65,1.03
AMA,2020-06-15,1.3,1.62,1.01
AMA,2020-06-16,1.27,1.58,0.98
AMA,2020-06-17,1.25,1.56,0.97
AMA,2020-06-18,1.23,1.53,0.95
AMA,2020-06-19,1.3,1.59,1.02
AMA,2020-06-20,1.35,1.63,1.07
AMA,2020-06-21,1.39,1.67,1.12
AMA,2020-06-22,1.39,1.68,1.14
AMA,2020-06-23,1.36,1.64,1.11
AMA,2020-06-24,1.3,1.58,1.06
AMA,2020-06-25,1.26,1.53,1.02
AMA,2020-06-26,1.22,1.48,0.98
AMA,2020-06-27,1.23,1.47,0.98
AMA,2020-06-28,1.25,1.51,1.02
AMA,2020-06-29,1.26,1.51,1.03
AMA,2020-06-30,1.25,1.49,1.02
AMA,2020-07-01,1.25,1.5,1.03
AMA,2020-07-02,1.26,1.5,1.04
AMA,2020-07-03,1.26,1.49,1.04
AMA,2020-07-04,1.27,1.51,1.06
AMA,2020-07-05,1.29,1.52,1.08
AMA,2020-07-06,1.3,1.52,1.09
AMA,2020-07-07,1.3,1.51,1.09
AMA,2020-07-08,1.29,1.51,1.09
AMA,2020-07-09,1.27,1.48,1.07
AMA,2020-07-10,1.28,1.48,1.08
AMA,2020-07-11,1.28,1.5,1.1
AMA,2020-07-12,1.3,1.5,1.11
AMA,2020-07-13,1.3,1.5,1.12
AMA,2020-07-14,1.29,1.49,1.11
AMA,2020-07-15,1.26,1.46,1.09
AMA,2020-07-16,1.23,1.41,1.05
AMA,2020-07-17,1.21,1.40,1.04
AMA,2020-07-18,1.21,1.40,1.04
AMA,2020-07-19,1.2,1.38,1.03
AMA,2020-07-20,1.21,1.40,1.05
ANC,2020-04-01,3.0,6.99,1.01
ANC,2020-04-02,2.77,5.83,1.01
ANC,2020-04-03,2.61,5.25,0.99
ANC,2020-04-04,2.73,5.15,1.04
ANC,2020-04-05,2.77,5.01,1.16
ANC,2020-04-06,2.94,4.99,1.33
ANC,2020-04-07,2.95,4.78,1.44
ANC,2020-04-08,2.88,4.51,1.5
ANC,2020-04-09,2.66,4.09,1.41
ANC,2020-04-10,2.49,3.78,1.35
ANC,2020-04-11,2.36,3.5,1.27
ANC,2020-04-12,2.25,3.33,1.26
ANC,2020-04-13,2.16,3.2,1.26
ANC,2020-04-14,2.08,3.04,1.22
ANC,2020-04-15,2.06,2.95,1.23
ANC,2020-04-16,2.09,2.96,1.32
ANC,2020-04-17,2.04,2.84,1.3
ANC,2020-04-18,2.04,2.82,1.36
ANC,2020-04-19,2.01,2.71,1.34
ANC,2020-04-20,1.92,2.58,1.29
ANC,2020-04-21,1.81,2.43,1.21
ANC,2020-04-22,1.76,2.37,1.2
ANC,2020-04-23,1.73,2.32,1.2
ANC,2020-04-24,1.75,2.29,1.22
ANC,2020-04-25,1.75,2.29,1.26
ANC,2020-04-26,1.74,2.23,1.25
ANC,2020-04-27,1.7,2.18,1.24
ANC,2020-04-28,1.71,2.16,1.26
ANC,2020-04-29,1.7,2.16,1.29
ANC,2020-04-30,1.74,2.18,1.35
ANC,2020-05-01,1.73,2.13,1.34
ANC,2020-05-02,1.71,2.11,1.35
ANC,2020-05-03,1.67,2.03,1.31
ANC,2020-05-04,1.61,1.95,1.26
ANC,2020-05-05,1.56,1.91,1.24
ANC,2020-05-06,1.52,1.86,1.21
ANC,2020-05-07,1.46,1.79,1.16
ANC,2020-05-08,1.40,1.71,1.1
ANC,2020-05-09,1.32,1.63,1.03
ANC,2020-05-10,1.26,1.57,0.98
ANC,2020-05-11,1.25,1.55,0.97
ANC,2020-05-12,1.26,1.55,0.98
ANC,2020-05-13,1.32,1.61,1.05
ANC,2020-05-14,1.39,1.67,1.12
ANC,2020-05-15,1.47,1.75,1.21
ANC,2020-05-16,1.48,1.75,1.23
ANC,2020-05-17,1.46,1.74,1.23
ANC,2020-05-18,1.41,1.66,1.17
ANC,2020-05-19,1.36,1.61,1.13
ANC,2020-05-20,1.31,1.56,1.09
ANC,2020-05-21,1.33,1.56,1.1
ANC,2020-05-22,1.34,1.57,1.12
ANC,2020-05-23,1.37,1.59,1.15
ANC,2020-05-24,1.39,1.61,1.18
ANC,2020-05-25,1.41,1.63,1.21
ANC,2020-05-26,1.39,1.6,1.19
ANC,2020-05-27,1.37,1.58,1.18
ANC,2020-05-28,1.40,1.61,1.22
ANC,2020-05-29,1.44,1.63,1.25
ANC,2020-05-30,1.47,1.66,1.29
ANC,2020-05-31,1.48,1.67,1.31
ANC,2020-06-01,1.43,1.61,1.26
ANC,2020-06-02,1.36,1.54,1.2
ANC,2020-06-03,1.28,1.44,1.11
ANC,2020-06-04,1.19,1.37,1.04
ANC,2020-06-05,1.17,1.34,1.01
ANC,2020-06-06,1.16,1.31,0.99
ANC,2020-06-07,1.16,1.32,1.0
ANC,2020-06-08,1.19,1.36,1.04
ANC,2020-06-09,1.21,1.38,1.06
ANC,2020-06-10,1.23,1.38,1.07
ANC,2020-06-11,1.24,1.40,1.09
ANC,2020-06-12,1.23,1.38,1.08
ANC,2020-06-13,1.21,1.37,1.07
ANC,2020-06-14,1.18,1.34,1.04
ANC,2020-06-15,1.16,1.3,1.01
ANC,2020-06-16,1.15,1.29,1.0
ANC,2020-06-17,1.13,1.28,0.99
ANC,2020-06-18,1.13,1.28,0.99
ANC,2020-06-19,1.13,1.28,0.99
ANC,2020-06-20,1.12,1.28,0.99
ANC,2020-06-21,1.12,1.26,0.98
ANC,2020-06-22,1.13,1.27,0.99
ANC,2020-06-23,1.13,1.27,0.99
ANC,2020-06-24,1.14,1.28,1.0
ANC,2020-06-25,1.14,1.29,1.01
ANC,2020-06-26,1.14,1.29,1.01
ANC,2020-06-27,1.13,1.26,0.99
ANC,2020-06-28,1.12,1.25,0.98
ANC,2020-06-29,1.11,1.24,0.97
ANC,2020-06-30,1.1,1.24,0.97
ANC,2020-07-01,1.1,1.24,0.97
ANC,2020-07-02,1.11,1.25,0.98
ANC,2020-07-03,1.11,1.25,0.98
ANC,2020-07-04,1.1,1.25,0.98
ANC,2020-07-05,1.09,1.24,0.97
ANC,2020-07-06,1.08,1.21,0.95
ANC,2020-07-07,1.07,1.2,0.94
ANC,2020-07-08,1.06,1.19,0.93
ANC,2020-07-09,1.06,1.19,0.93
ANC,2020-07-10,1.07,1.2,0.94
ANC,2020-07-11,1.07,1.21,0.95
ANC,2020-07-12,1.07,1.21,0.95
ANC,2020-07-13,1.07,1.21,0.95
ANC,2020-07-14,1.07,1.2,0.94
ANC,2020-07-15,1.07,1.2,0.94
ANC,2020-07-16,1.06,1.2,0.94
ANC,2020-07-17,1.06,1.19,0.93
ANC,2020-07-18,1.05,1.19,0.93
ANC,2020-07-19,1.06,1.19,0.93
ANC,2020-07-20,1.05,1.19,0.93
APU,2020-04-09,3.0,6.99,1.01
APU,2020-04-10,2.87,6.25,0.99
APU,2020-04-11,2.77,5.83,1.01
APU,2020-04-12,3.0,5.96,1.12
APU,2020-04-13,3.11,5.81,1.25
APU,2020-04-14,3.09,5.48,1.32
APU,2020-04-15,3.01,5.09,1.33
APU,2020-04-16,2.72,4.58,1.25
APU,2020-04-17,2.52,4.18,1.15
APU,2020-04-18,2.26,3.81,1.05
APU,2020-04-19,2.17,3.66,1.03
APU,2020-04-20,2.1,3.47,0.96
APU,2020-04-21,1.96,3.30,0.92
APU,2020-04-22,2.0,3.27,0.92
APU,2020-04-23,2.03,3.29,0.98
APU,2020-04-24,1.98,3.21,0.98
APU,2020-04-25,1.92,3.1,0.95
APU,2020-04-26,1.82,2.96,0.9
APU,2020-04-27,1.79,2.89,0.88
APU,2020-04-28,1.76,2.86,0.89
APU,2020-04-29,1.74,2.81,0.88
APU,2020-04-30,1.77,2.81,0.9
APU,2020-05-01,1.79,2.80,0.92
APU,2020-05-02,1.75,2.74,0.91
APU,2020-05-03,1.72,2.7,0.91
APU,2020-05-04,1.69,2.61,0.87
APU,2020-05-05,1.67,2.61,0.9
APU,2020-05-06,1.6,2.51,0.85
APU,2020-05-07,1.55,2.43,0.81
APU,2020-05-08,1.46,2.30,0.73
APU,2020-05-09,1.43,2.27,0.72
APU,2020-05-10,1.42,2.28,0.73
APU,2020-05-11,1.42,2.24,0.70
APU,2020-05-12,1.45,2.29,0.74
APU,2020-05-13,1.62,2.49,0.89
APU,2020-05-14,1.81,2.67,1.06
APU,2020-05-15,1.93,2.74,1.17
APU,2020-05-16,1.97,2.77,1.26
APU,2020-05-17,1.91,2.65,1.22
APU,2020-05-18,1.78,2.49,1.13
APU,2020-05-19,1.68,2.36,1.06
APU,2020-05-20,1.59,2.23,0.98
APU,2020-05-21,1.6,2.23,1.01
APU,2020-05-22,1.63,2.24,1.05
APU,2020-05-23,1.66,2.27,1.11
APU,2020-05-24,1.65,2.24,1.12
APU,2020-05-25,1.63,2.18,1.1
APU,2020-05-26,1.59,2.14,1.09
APU,2020-05-27,1.54,2.05,1.04
APU,2020-05-28,1.51,2.03,1.04
APU,2020-05-29,1.48,1.98,1.02
APU,2020-05-30,1.47,1.97,1.03
APU,2020-05-31,1.45,1.90,0.99
APU,2020-06-01,1.44,1.88,0.99
APU,2020-06-02,1.40,1.84,0.97
APU,2020-06-03,1.36,1.82,0.96
APU,2020-06-04,1.33,1.77,0.93
APU,2020-06-05,1.3,1.74,0.91
APU,2020-06-06,1.29,1.72,0.9
APU,2020-06-07,1.28,1.71,0.9
APU,2020-06-08,1.3,1.72,0.92
APU,2020-06-09,1.33,1.75,0.96
APU,2020-06-10,1.35,1.74,0.97
APU,2020-06-11,1.36,1.76,1.0
APU,2020-06-12,1.36,1.76,1.01
APU,2020-06-13,1.35,1.72,0.99
APU,2020-06-14,1.35,1.73,1.01
APU,2020-06-15,1.35,1.73,1.02
APU,2020-06-16,1.35,1.7,1.01
APU,2020-06-17,1.36,1.72,1.04
APU,2020-06-18,1.37,1.73,1.06
APU,2020-06-19,1.37,1.7,1.05
APU,2020-06-20,1.34,1.68,1.04
APU,2020-06-21,1.3,1.63,1.0
APU,2020-06-22,1.26,1.59,0.97
APU,2020-06-23,1.23,1.55,0.94
APU,2020-06-24,1.21,1.52,0.92
APU,2020-06-25,1.2,1.52,0.92
APU,2020-06-26,1.19,1.5,0.91
APU,2020-06-27,1.18,1.46,0.88
APU,2020-06-28,1.17,1.47,0.89
APU,2020-06-29,1.16,1.47,0.89
APU,2020-06-30,1.17,1.46,0.89
APU,2020-07-01,1.18,1.48,0.91
APU,2020-07-02,1.19,1.48,0.92
APU,2020-07-03,1.18,1.48,0.92
APU,2020-07-04,1.18,1.46,0.91
APU,2020-07-05,1.17,1.46,0.91
APU,2020-07-06,1.17,1.44,0.9
APU,2020-07-07,1.17,1.46,0.92
APU,2020-07-08,1.19,1.45,0.92
APU,2020-07-09,1.2,1.47,0.94
APU,2020-07-10,1.2,1.46,0.94
APU,2020-07-11,1.19,1.46,0.94
APU,2020-07-12,1.19,1.44,0.93
APU,2020-07-13,1.19,1.46,0.95
APU,2020-07-14,1.21,1.46,0.96
APU,2020-07-15,1.22,1.49,0.99
APU,2020-07-16,1.25,1.51,1.02
APU,2020-07-17,1.26,1.5,1.02
APU,2020-07-18,1.25,1.51,1.03
APU,2020-07-19,1.24,1.48,1.01
APU,2020-07-20,1.22,1.45,0.99
ARE,2020-04-01,3.0,6.99,1.01
ARE,2020-04-02,3.0,5.96,1.12
ARE,2020-04-03,2.92,5.36,1.21
ARE,2020-04-04,2.80,4.89,1.24
ARE,2020-04-05,2.67,4.49,1.23
ARE,2020-04-06,2.56,4.16,1.21
ARE,2020-04-07,2.24,3.64,1.03
ARE,2020-04-08,2.12,3.48,1.04
ARE,2020-04-09,1.87,3.13,0.9
ARE,2020-04-10,1.82,3.03,0.88
ARE,2020-04-11,1.72,2.87,0.82
ARE,2020-04-12,1.7,2.80,0.8
ARE,2020-04-13,1.73,2.80,0.82
ARE,2020-04-14,1.75,2.79,0.84
ARE,2020-04-15,1.83,2.89,0.95
ARE,2020-04-16,2.03,3.03,1.1
ARE,2020-04-17,2.22,3.19,1.32
ARE,2020-04-18,2.32,3.24,1.48
ARE,2020-04-19,2.28,3.09,1.47
ARE,2020-04-20,2.13,2.91,1.41
ARE,2020-04-21,1.92,2.61,1.22
ARE,2020-04-22,1.8,2.49,1.17
ARE,2020-04-23,1.72,2.38,1.12
ARE,2020-04-24,1.78,2.39,1.18
ARE,2020-04-25,1.8,2.4,1.24
ARE,2020-04-26,1.81,2.4,1.29
ARE,2020-04-27,1.77,2.29,1.24
ARE,2020-04-28,1.7,2.24,1.23
ARE,2020-04-29,1.62,2.14,1.17
ARE,2020-04-30,1.57,2.05,1.12
ARE,2020-05-01,1.48,1.95,1.05
ARE,2020-05-02,1.46,1.93,1.05
ARE,2020-05-03,1.43,1.86,1.01
ARE,2020-05-04,1.40,1.82,0.99
ARE,2020-05-05,1.37,1.81,0.99
ARE,2020-05-06,1.38,1.79,0.99
ARE,2020-05-07,1.43,1.83,1.05
ARE,2020-05-08,1.46,1.85,1.09
ARE,2020-05-09,1.53,1.90,1.16
ARE,2020-05-10,1.58,1.96,1.24
ARE,2020-05-11,1.6,1.96,1.27
ARE,2020-05-12,1.59,1.95,1.28
ARE,2020-05-13,1.54,1.87,1.23
ARE,2020-05-14,1.46,1.77,1.15
ARE,2020-05-15,1.49,1.79,1.19
ARE,2020-05-16,1.52,1.81,1.23
ARE,2020-05-17,1.59,1.87,1.31
ARE,2020-05-18,1.62,1.90,1.36
ARE,2020-05-19,1.62,1.90,1.38
ARE,2020-05-20,1.57,1.83,1.33
ARE,2020-05-21,1.51,1.75,1.27
ARE,2020-05-22,1.41,1.66,1.19
ARE,2020-05-23,1.39,1.63,1.17
ARE,2020-05-24,1.35,1.59,1.14
ARE,2020-05-25,1.35,1.59,1.15
ARE,2020-05-26,1.34,1.57,1.14
ARE,2020-05-27,1.32,1.54,1.12
ARE,2020-05-28,1.34,1.55,1.14
ARE,2020-05-29,1.36,1.56,1.16
ARE,2020-05-30,1.33,1.53,1.14
ARE,2020-05-31,1.32,1.52,1.13
ARE,2020-06-01,1.3,1.5,1.12
ARE,2020-06-02,1.28,1.46,1.09
ARE,2020-06-03,1.26,1.46,1.09
ARE,2020-06-04,1.23,1.42,1.06
ARE,2020-06-05,1.22,1.41,1.05
ARE,2020-06-06,1.2,1.38,1.03
ARE,2020-06-07,1.19,1.37,1.02
ARE,2020-06-08,1.17,1.36,1.01
ARE,2020-06-09,1.19,1.36,1.02
ARE,2020-06-10,1.21,1.39,1.05
ARE,2020-06-11,1.22,1.40,1.06
ARE,2020-06-12,1.2,1.37,1.04
ARE,2020-06-13,1.17,1.34,1.01
ARE,2020-06-14,1.14,1.32,0.99
ARE,2020-06-15,1.11,1.27,0.95
ARE,2020-06-16,1.11,1.27,0.95
ARE,2020-06-17,1.11,1.27,0.95
ARE,2020-06-18,1.1,1.27,0.95
ARE,2020-06-19,1.11,1.28,0.96
ARE,2020-06-20,1.1,1.27,0.95
ARE,2020-06-21,1.09,1.26,0.94
ARE,2020-06-22,1.08,1.23,0.92
ARE,2020-06-23,1.07,1.23,0.92
ARE,2020-06-24,1.06,1.22,0.91
ARE,2020-06-25,1.06,1.22,0.91
ARE,2020-06-26,1.06,1.21,0.9
ARE,2020-06-27,1.06,1.22,0.91
ARE,2020-06-28,1.06,1.22,0.91
ARE,2020-06-29,1.06,1.22,0.91
ARE,2020-06-30,1.06,1.22,0.91
ARE,2020-07-01,1.05,1.22,0.91
ARE,2020-07-02,1.06,1.22,0.91
ARE,2020-07-03,1.05,1.22,0.91
ARE,2020-07-04,1.05,1.22,0.91
ARE,2020-07-05,1.06,1.22,0.91
ARE,2020-07-06,1.06,1.22,0.91
ARE,2020-07-07,1.06,1.23,0.92
ARE,2020-07-08,1.06,1.23,0.92
ARE,2020-07-09,1.06,1.22,0.91
ARE,2020-07-10,1.06,1.23,0.92
ARE,2020-07-11,1.06,1.22,0.91
ARE,2020-07-12,1.05,1.22,0.91
ARE,2020-07-13,1.05,1.22,0.91
ARE,2020-07-14,1.04,1.2,0.89
ARE,2020-07-15,1.02,1.19,0.88
ARE,2020-07-16,1.02,1.19,0.88
ARE,2020-07-17,1.01,1.18,0.87
ARE,2020-07-18,1.02,1.19,0.88
ARE,2020-07-19,1.03,1.19,0.88
ARE,2020-07-20,1.03,1.2,0.89
AYA,2020-04-04,3.0,6.99,1.01
AYA,2020-04-05,2.87,6.25,0.99
AYA,2020-04-06,2.77,5.83,1.01
AYA,2020-04-07,2.69,5.48,0.98
AYA,2020-04-08,2.61,5.25,0.99
AYA,2020-04-09,2.81,5.42,1.11
AYA,2020-04-10,2.67,5.0,1.05
AYA,2020-04-11,2.55,4.73,1.04
AYA,2020-04-12,2.46,4.47,0.99
AYA,2020-04-13,2.38,4.33,1.01
AYA,2020-04-14,2.47,4.34,1.06
AYA,2020-04-15,2.37,4.12,1.03
AYA,2020-04-16,2.28,3.96,1.02
AYA,2020-04-17,2.21,3.80,0.99
AYA,2020-04-18,2.14,3.67,0.97
AYA,2020-04-19,2.09,3.53,0.93
AYA,2020-04-20,2.04,3.46,0.94
AYA,2020-04-21,1.91,3.28,0.88
AYA,2020-04-22,1.89,3.19,0.84
AYA,2020-04-23,1.86,3.14,0.83
AYA,2020-04-24,1.92,3.23,0.91
AYA,2020-04-25,2.05,3.31,0.98
AYA,2020-04-26,2.06,3.29,1.02
AYA,2020-04-27,2.13,3.30,1.08
AYA,2020-04-28,2.11,3.25,1.12
AYA,2020-04-29,2.08,3.12,1.09
AYA,2020-04-30,2.09,3.15,1.19
AYA,2020-05-01,2.0,2.98,1.13
AYA,2020-05-02,2.0,2.95,1.17
AYA,2020-05-03,1.96,2.82,1.13
AYA,2020-05-04,1.91,2.77,1.15
AYA,2020-05-05,1.84,2.63,1.09
AYA,2020-05-06,1.75,2.54,1.06
AYA,2020-05-07,1.73,2.49,1.06
AYA,2020-05-08,1.68,2.41,1.03
AYA,2020-05-09,1.64,2.32,0.99
AYA,2020-05-10,1.61,2.31,1.01
AYA,2020-05-11,1.58,2.24,0.98
AYA,2020-05-12,1.51,2.14,0.92
AYA,2020-05-13,1.49,2.13,0.93
AYA,2020-05-14,1.45,2.07,0.9
AYA,2020-05-15,1.42,2.03,0.88
AYA,2020-05-16,1.37,1.94,0.82
AYA,2020-05-17,1.35,1.94,0.83
AYA,2020-05-18,1.34,1.93,0.83
AYA,2020-05-19,1.35,1.93,0.84
AYA,2020-05-20,1.37,1.94,0.86
AYA,2020-05-21,1.38,1.95,0.88
AYA,2020-05-22,1.39,1.94,0.89
AYA,2020-05-23,1.38,1.94,0.9
AYA,2020-05-24,1.38,1.92,0.9
AYA,2020-05-25,1.39,1.93,0.92
AYA,2020-05-26,1.36,1.89,0.9
AYA,2020-05-27,1.32,1.83,0.86
AYA,2020-05-28,1.34,1.84,0.88
AYA,2020-05-29,1.33,1.83,0.88
AYA,2020-05-30,1.38,1.88,0.94
AYA,2020-05-31,1.40,1.87,0.95
AYA,2020-06-01,1.41,1.89,0.98
AYA,2020-06-02,1.39,1.86,0.97
AYA,2020-06-03,1.36,1.81,0.94
AYA,2020-06-04,1.29,1.71,0.86
AYA,2020-06-05,1.28,1.7,0.86
AYA,2020-06-06,1.25,1.67,0.84
AYA,2020-06-07,1.26,1.7,0.87
AYA,2020-06-08,1.25,1.69,0.87
AYA,2020-06-09,1.24,1.66,0.85
AYA,2020-06-10,1.22,1.64,0.84
AYA,2020-06-11,1.21,1.61,0.82
AYA,2020-06-12,1.18,1.6,0.81
AYA,2020-06-13,1.18,1.58,0.8
AYA,2020-06-14,1.2,1.61,0.83
AYA,2020-06-15,1.22,1.6,0.83
AYA,2020-06-16,1.23,1.63,0.86
AYA,2020-06-17,1.25,1.64,0.88
AYA,2020-06-18,1.25,1.62,0.87
AYA,2020-06-19,1.26,1.66,0.91
AYA,2020-06-20,1.26,1.65,0.91
AYA,2020-06-21,1.24,1.63,0.9
AYA,2020-06-22,1.23,1.61,0.89
AYA,2020-06-23,1.21,1.57,0.86
AYA,2020-06-24,1.18,1.55,0.84
AYA,2020-06-25,1.17,1.53,0.83
AYA,2020-06-26,1.16,1.53,0.83
AYA,2020-06-27,1.16,1.5,0.81
AYA,2020-06-28,1.17,1.53,0.84
AYA,2020-06-29,1.18,1.54,0.85
AYA,2020-06-30,1.17,1.52,0.84
AYA,2020-07-01,1.19,1.55,0.87
AYA,2020-07-02,1.2,1.54,0.87
AYA,2020-07-03,1.19,1.55,0.88
AYA,2020-07-04,1.19,1.53,0.87
AYA,2020-07-05,1.19,1.54,0.88
AYA,2020-07-06,1.19,1.53,0.88
AYA,2020-07-07,1.22,1.57,0.92
AYA,2020-07-08,1.24,1.58,0.94
AYA,2020-07-09,1.27,1.6,0.97
AYA,2020-07-10,1.29,1.61,0.99
AYA,2020-07-11,1.28,1.59,0.98
AYA,2020-07-12,1.26,1.57,0.97
AYA,2020-07-13,1.26,1.55,0.96
AYA,2020-07-14,1.25,1.57,0.98
AYA,2020-07-15,1.27,1.58,1.0
AYA,2020-07-16,1.28,1.58,1.01
AYA,2020-07-17,1.35,1.64,1.08
AYA,2020-07-18,1.40,1.7,1.15
AYA,2020-07-19,1.46,1.73,1.2
AYA,2020-07-20,1.52,1.77,1.26
CAJ,2020-04-01,3.0,6.99,1.01
CAJ,2020-04-02,2.87,6.25,0.99
CAJ,2020-04-03,2.77,5.83,1.01
CAJ,2020-04-04,2.69,5.48,0.98
CAJ,2020-04-05,2.61,5.25,0.99
CAJ,2020-04-06,2.55,5.02,0.96
CAJ,2020-04-07,2.49,4.87,0.97
CAJ,2020-04-08,2.44,4.73,0.97
CAJ,2020-04-09,2.4,4.60,0.96
CAJ,2020-04-10,2.35,4.48,0.95
CAJ,2020-04-11,2.32,4.35,0.92
CAJ,2020-04-12,2.28,4.29,0.94
CAJ,2020-04-13,2.42,4.42,1.02
CAJ,2020-04-14,2.51,4.39,1.04
CAJ,2020-04-15,2.72,4.58,1.25
CAJ,2020-04-16,2.81,4.54,1.38
CAJ,2020-04-17,2.68,4.21,1.33
CAJ,2020-04-18,2.56,3.97,1.32
CAJ,2020-04-19,2.36,3.67,1.24
CAJ,2020-04-20,2.15,3.35,1.11
CAJ,2020-04-21,1.99,3.12,1.02
CAJ,2020-04-22,1.93,3.03,1.01
CAJ,2020-04-23,1.98,3.06,1.08
CAJ,2020-04-24,2.02,3.05,1.13
CAJ,2020-04-25,1.98,2.93,1.1
CAJ,2020-04-26,1.95,2.89,1.13
CAJ,2020-04-27,1.87,2.78,1.1
CAJ,2020-04-28,1.85,2.68,1.07
CAJ,2020-04-29,1.82,2.63,1.08
CAJ,2020-04-30,1.82,2.61,1.11
CAJ,2020-05-01,1.85,2.62,1.17
CAJ,2020-05-02,1.89,2.61,1.22
CAJ,2020-05-03,1.83,2.54,1.21
CAJ,2020-05-04,1.77,2.44,1.17
CAJ,2020-05-05,1.65,2.27,1.06
CAJ,2020-05-06,1.57,2.18,1.01
CAJ,2020-05-07,1.49,2.06,0.93
CAJ,2020-05-08,1.44,2.03,0.92
CAJ,2020-05-09,1.39,1.94,0.86
CAJ,2020-05-10,1.38,1.95,0.88
CAJ,2020-05-11,1.35,1.90,0.85
CAJ,2020-05-12,1.34,1.90,0.86
CAJ,2020-05-13,1.32,1.84,0.82
CAJ,2020-05-14,1.31,1.84,0.83
CAJ,2020-05-15,1.29,1.82,0.82
CAJ,2020-05-16,1.26,1.79,0.8
CAJ,2020-05-17,1.24,1.76,0.78
CAJ,2020-05-18,1.25,1.78,0.8
CAJ,2020-05-19,1.26,1.77,0.8
CAJ,2020-05-20,1.28,1.77,0.81
CAJ,2020-05-21,1.33,1.83,0.87
CAJ,2020-05-22,1.34,1.85,0.9
CAJ,2020-05-23,1.36,1.86,0.92
CAJ,2020-05-24,1.34,1.82,0.9
CAJ,2020-05-25,1.31,1.8,0.89
CAJ,2020-05-26,1.28,1.74,0.85
CAJ,2020-05-27,1.27,1.72,0.84
CAJ,2020-05-28,1.26,1.69,0.82
CAJ,2020-05-29,1.27,1.73,0.86
CAJ,2020-05-30,1.26,1.72,0.86
CAJ,2020-05-31,1.24,1.68,0.83
CAJ,2020-06-01,1.23,1.67,0.83
CAJ,2020-06-02,1.22,1.63,0.8
CAJ,2020-06-03,1.22,1.66,0.83
CAJ,2020-06-04,1.23,1.65,0.83
CAJ,2020-06-05,1.24,1.68,0.86
CAJ,2020-06-06,1.25,1.68,0.87
CAJ,2020-06-07,1.26,1.67,0.87
CAJ,2020-06-08,1.25,1.66,0.87
CAJ,2020-06-09,1.25,1.64,0.86
CAJ,2020-06-10,1.24,1.66,0.88
CAJ,2020-06-11,1.23,1.63,0.86
CAJ,2020-06-12,1.2,1.59,0.83
CAJ,2020-06-13,1.19,1.6,0.84
CAJ,2020-06-14,1.2,1.59,0.84
CAJ,2020-06-15,1.22,1.62,0.87
CAJ,2020-06-16,1.22,1.61,0.87
CAJ,2020-06-17,1.24,1.61,0.88
CAJ,2020-06-18,1.24,1.6,0.88
CAJ,2020-06-19,1.22,1.6,0.88
CAJ,2020-06-20,1.2,1.57,0.86
CAJ,2020-06-21,1.16,1.51,0.81
CAJ,2020-06-22,1.15,1.52,0.82
CAJ,2020-06-23,1.14,1.52,0.82
CAJ,2020-06-24,1.13,1.48,0.79
CAJ,2020-06-25,1.14,1.49,0.8
CAJ,2020-06-26,1.13,1.5,0.81
CAJ,2020-06-27,1.13,1.5,0.81
CAJ,2020-06-28,1.13,1.48,0.8
CAJ,2020-06-29,1.13,1.48,0.8
CAJ,2020-06-30,1.13,1.49,0.81
CAJ,2020-07-01,1.13,1.5,0.82
CAJ,2020-07-02,1.13,1.47,0.8
CAJ,2020-07-03,1.13,1.48,0.81
CAJ,2020-07-04,1.14,1.49,0.82
CAJ,2020-07-05,1.15,1.5,0.83
CAJ,2020-07-06,1.16,1.49,0.83
CAJ,2020-07-07,1.16,1.51,0.85
CAJ,2020-07-08,1.16,1.49,0.84
CAJ,2020-07-09,1.15,1.49,0.84
CAJ,2020-07-10,1.15,1.49,0.84
CAJ,2020-07-11,1.14,1.47,0.83
CAJ,2020-07-12,1.15,1.48,0.84
CAJ,2020-07-13,1.15,1.49,0.85
CAJ,2020-07-14,1.15,1.47,0.84
CAJ,2020-07-15,1.15,1.48,0.85
CAJ,2020-07-16,1.15,1.49,0.86
CAJ,2020-07-17,1.15,1.47,0.85
CAJ,2020-07-18,1.15,1.48,0.86
CAJ,2020-07-19,1.15,1.46,0.85
CAJ,2020-07-20,1.15,1.47,0.86
CAL,2020-04-01,3.0,6.99,1.01
CAL,2020-04-02,2.5,4.61,1.03
CAL,2020-04-03,2.41,4.09,1.08
CAL,2020-04-04,2.53,4.0,1.29
CAL,2020-04-05,3.34,4.61,2.14
CAL,2020-04-06,3.6,4.60,2.59
CAL,2020-04-07,3.44,4.25,2.61
CAL,2020-04-08,3.11,3.81,2.43
CAL,2020-04-09,2.65,3.25,2.05
CAL,2020-04-10,2.37,2.93,1.85
CAL,2020-04-11,2.2,2.7,1.72
CAL,2020-04-12,2.03,2.51,1.6
CAL,2020-04-13,1.94,2.39,1.54
CAL,2020-04-14,1.83,2.22,1.43
CAL,2020-04-15,1.71,2.09,1.34
CAL,2020-04-16,1.59,1.97,1.25
CAL,2020-04-17,1.49,1.84,1.15
CAL,2020-04-18,1.43,1.78,1.11
CAL,2020-04-19,1.40,1.73,1.08
CAL,2020-04-20,1.38,1.72,1.08
CAL,2020-04-21,1.36,1.69,1.07
CAL,2020-04-22,1.61,1.92,1.32
CAL,2020-04-23,1.8,2.1,1.53
CAL,2020-04-24,1.92,2.21,1.67
CAL,2020-04-25,1.93,2.18,1.68
CAL,2020-04-26,1.82,2.05,1.58
CAL,2020-04-27,1.65,1.88,1.43
CAL,2020-04-28,1.53,1.74,1.31
CAL,2020-04-29,1.38,1.59,1.17
CAL,2020-04-30,1.38,1.59,1.18
CAL,2020-05-01,1.37,1.58,1.18
CAL,2020-05-02,1.36,1.56,1.17
CAL,2020-05-03,1.36,1.55,1.17
CAL,2020-05-04,1.36,1.56,1.18
CAL,2020-05-05,1.35,1.55,1.18
CAL,2020-05-06,1.36,1.55,1.19
CAL,2020-05-07,1.34,1.52,1.17
CAL,2020-05-08,1.32,1.49,1.15
CAL,2020-05-09,1.27,1.45,1.11
CAL,2020-05-10,1.24,1.40,1.07
CAL,2020-05-11,1.22,1.40,1.07
CAL,2020-05-12,1.23,1.39,1.07
CAL,2020-05-13,1.24,1.41,1.09
CAL,2020-05-14,1.25,1.40,1.09
CAL,2020-05-15,1.22,1.38,1.07
CAL,2020-05-16,1.19,1.36,1.05
CAL,2020-05-17,1.18,1.33,1.03
CAL,2020-05-18,1.19,1.34,1.04
CAL,2020-05-19,1.21,1.37,1.07
CAL,2020-05-20,1.23,1.37,1.08
CAL,2020-05-21,1.25,1.40,1.11
CAL,2020-05-22,1.25,1.40,1.11
CAL,2020-05-23,1.25,1.39,1.11
CAL,2020-05-24,1.25,1.39,1.11
CAL,2020-05-25,1.26,1.39,1.12
CAL,2020-05-26,1.3,1.44,1.17
CAL,2020-05-27,1.31,1.43,1.17
CAL,2020-05-28,1.28,1.42,1.16
CAL,2020-05-29,1.25,1.39,1.13
CAL,2020-05-30,1.2,1.33,1.08
CAL,2020-05-31,1.17,1.29,1.04
CAL,2020-06-01,1.14,1.27,1.02
CAL,2020-06-02,1.11,1.25,1.0
CAL,2020-06-03,1.11,1.25,1.0
CAL,2020-06-04,1.1,1.23,0.98
CAL,2020-06-05,1.08,1.21,0.96
CAL,2020-06-06,1.07,1.18,0.94
CAL,2020-06-07,1.07,1.19,0.95
CAL,2020-06-08,1.08,1.2,0.96
CAL,2020-06-09,1.1,1.22,0.98
CAL,2020-06-10,1.12,1.24,1.0
CAL,2020-06-11,1.13,1.26,1.02
CAL,2020-06-12,1.14,1.26,1.02
CAL,2020-06-13,1.12,1.25,1.01
CAL,2020-06-14,1.09,1.22,0.98
CAL,2020-06-15,1.06,1.19,0.95
CAL,2020-06-16,1.04,1.17,0.93
CAL,2020-06-17,1.04,1.16,0.92
CAL,2020-06-18,1.03,1.16,0.92
CAL,2020-06-19,1.04,1.16,0.92
CAL,2020-06-20,1.03,1.16,0.92
CAL,2020-06-21,1.02,1.15,0.91
CAL,2020-06-22,1.01,1.14,0.9
CAL,2020-06-23,1.0,1.12,0.88
CAL,2020-06-24,0.99,1.12,0.88
CAL,2020-06-25,0.99,1.11,0.87
CAL,2020-06-26,0.99,1.11,0.87
CAL,2020-06-27,0.99,1.11,0.87
CAL,2020-06-28,0.99,1.11,0.87
CAL,2020-06-29,0.98,1.1,0.86
CAL,2020-06-30,0.98,1.09,0.85
CAL,2020-07-01,0.97,1.1,0.85
CAL,2020-07-02,0.96,1.1,0.85
CAL,2020-07-03,0.96,1.09,0.84
CAL,2020-07-04,0.95,1.09,0.84
CAL,2020-07-05,0.95,1.08,0.83
CAL,2020-07-06,0.96,1.08,0.83
CAL,2020-07-07,0.97,1.09,0.84
CAL,2020-07-08,0.98,1.1,0.85
CAL,2020-07-09,0.99,1.11,0.86
CAL,2020-07-10,0.99,1.11,0.86
CAL,2020-07-11,0.99,1.13,0.87
CAL,2020-07-12,0.98,1.12,0.86
CAL,2020-07-13,0.97,1.11,0.85
CAL,2020-07-14,0.97,1.11,0.85
CAL,2020-07-15,0.98,1.12,0.86
CAL,2020-07-16,0.99,1.12,0.86
CAL,2020-07-17,0.99,1.13,0.87
CAL,2020-07-18,0.99,1.13,0.87
CAL,2020-07-19,0.99,1.13,0.87
CAL,2020-07-20,0.98,1.12,0.86
CUS,2020-04-01,3.0,6.99,1.01
CUS,2020-04-02,2.28,4.57,0.88
CUS,2020-04-03,2.12,4.06,0.85
CUS,2020-04-04,1.88,3.58,0.77
CUS,2020-04-05,1.72,3.24,0.68
CUS,2020-04-06,1.61,3.05,0.65
CUS,2020-04-07,1.51,2.88,0.6
CUS,2020-04-08,1.51,2.86,0.6
CUS,2020-04-09,1.5,2.84,0.6
CUS,2020-04-10,1.49,2.81,0.59
CUS,2020-04-11,1.73,3.12,0.73
CUS,2020-04-12,1.95,3.36,0.89
CUS,2020-04-13,2.12,3.48,1.04
CUS,2020-04-14,2.06,3.29,1.02
CUS,2020-04-15,1.94,3.11,1.0
CUS,2020-04-16,1.74,2.77,0.84
CUS,2020-04-17,1.59,2.58,0.77
CUS,2020-04-18,1.48,2.43,0.71
CUS,2020-04-19,1.46,2.4,0.71
CUS,2020-04-20,1.49,2.42,0.74
CUS,2020-04-21,1.51,2.42,0.76
CUS,2020-04-22,1.49,2.37,0.75
CUS,2020-04-23,1.51,2.38,0.78
CUS,2020-04-24,1.52,2.36,0.79
CUS,2020-04-25,1.53,2.35,0.81
CUS,2020-04-26,1.48,2.27,0.78
CUS,2020-04-27,1.43,2.21,0.76
CUS,2020-04-28,1.41,2.16,0.74
CUS,2020-04-29,1.37,2.12,0.73
CUS,2020-04-30,1.34,2.06,0.70
CUS,2020-05-01,1.33,2.07,0.72
CUS,2020-05-02,1.32,2.04,0.71
CUS,2020-05-03,1.34,2.04,0.72
CUS,2020-05-04,1.38,2.09,0.77
CUS,2020-05-05,1.46,2.17,0.85
CUS,2020-05-06,1.58,2.28,0.97
CUS,2020-05-07,1.7,2.37,1.09
CUS,2020-05-08,1.72,2.37,1.14
CUS,2020-05-09,1.68,2.31,1.13
CUS,2020-05-10,1.64,2.24,1.11
CUS,2020-05-11,1.6,2.15,1.07
CUS,2020-05-12,1.6,2.12,1.08
CUS,2020-05-13,1.64,2.17,1.16
CUS,2020-05-14,1.68,2.18,1.21
CUS,2020-05-15,1.72,2.21,1.28
CUS,2020-05-16,1.75,2.19,1.31
CUS,2020-05-17,1.77,2.2,1.36
CUS,2020-05-18,1.79,2.21,1.41
CUS,2020-05-19,1.75,2.15,1.39
CUS,2020-05-20,1.67,2.03,1.31
CUS,2020-05-21,1.66,2.01,1.32
CUS,2020-05-22,1.58,1.91,1.25
CUS,2020-05-23,1.59,1.93,1.29
CUS,2020-05-24,1.61,1.92,1.31
CUS,2020-05-25,1.63,1.94,1.35
CUS,2020-05-26,1.61,1.89,1.33
CUS,2020-05-27,1.55,1.83,1.29
CUS,2020-05-28,1.56,1.82,1.3
CUS,2020-05-29,1.59,1.84,1.34
CUS,2020-05-30,1.58,1.82,1.34
CUS,2020-05-31,1.61,1.83,1.37
CUS,2020-06-01,1.55,1.79,1.34
CUS,2020-06-02,1.48,1.7,1.27
CUS,2020-06-03,1.41,1.62,1.2
CUS,2020-06-04,1.32,1.53,1.12
CUS,2020-06-05,1.28,1.48,1.08
CUS,2020-06-06,1.26,1.47,1.07
CUS,2020-06-07,1.23,1.43,1.04
CUS,2020-06-08,1.25,1.45,1.06
CUS,2020-06-09,1.26,1.46,1.08
CUS,2020-06-10,1.29,1.47,1.1
CUS,2020-06-11,1.3,1.49,1.12
CUS,2020-06-12,1.29,1.48,1.12
CUS,2020-06-13,1.26,1.45,1.09
CUS,2020-06-14,1.21,1.39,1.04
CUS,2020-06-15,1.18,1.36,1.01
CUS,2020-06-16,1.15,1.32,0.98
CUS,2020-06-17,1.13,1.3,0.96
CUS,2020-06-18,1.13,1.31,0.97
CUS,2020-06-19,1.13,1.31,0.97
CUS,2020-06-20,1.12,1.31,0.97
CUS,2020-06-21,1.13,1.3,0.97
CUS,2020-06-22,1.14,1.31,0.98
CUS,2020-06-23,1.15,1.33,1.0
CUS,2020-06-24,1.16,1.34,1.01
CUS,2020-06-25,1.16,1.32,1.0
CUS,2020-06-26,1.17,1.33,1.01
CUS,2020-06-27,1.18,1.35,1.03
CUS,2020-06-28,1.18,1.33,1.02
CUS,2020-06-29,1.18,1.34,1.03
CUS,2020-06-30,1.18,1.35,1.04
CUS,2020-07-01,1.17,1.34,1.03
CUS,2020-07-02,1.15,1.3,1.0
CUS,2020-07-03,1.14,1.29,0.99
CUS,2020-07-04,1.14,1.3,1.0
CUS,2020-07-05,1.13,1.29,0.99
CUS,2020-07-06,1.13,1.27,0.98
CUS,2020-07-07,1.13,1.27,0.98
CUS,2020-07-08,1.12,1.27,0.98
CUS,2020-07-09,1.11,1.26,0.97
CUS,2020-07-10,1.09,1.24,0.95
CUS,2020-07-11,1.08,1.23,0.94
CUS,2020-07-12,1.07,1.23,0.94
CUS,2020-07-13,1.06,1.22,0.93
CUS,2020-07-14,1.06,1.22,0.93
CUS,2020-07-15,1.06,1.21,0.92
CUS,2020-07-16,1.05,1.2,0.91
CUS,2020-07-17,1.04,1.2,0.91
CUS,2020-07-18,1.03,1.19,0.9
CUS,2020-07-19,1.03,1.18,0.89
CUS,2020-07-20,1.03,1.18,0.89
HUC,2020-04-08,3.0,6.99,1.01
HUC,2020-04-09,2.87,6.25,0.99
HUC,2020-04-10,2.77,5.83,1.01
HUC,2020-04-11,2.69,5.48,0.98
HUC,2020-04-12,3.23,6.13,1.29
HUC,2020-04-13,3.5,6.03,1.51
HUC,2020-04-14,3.23,5.35,1.48
HUC,2020-04-15,3.18,5.04,1.57
HUC,2020-04-16,3.06,4.7,1.61
HUC,2020-04-17,2.69,4.14,1.43
HUC,2020-04-18,2.54,3.81,1.34
HUC,2020-04-19,2.34,3.56,1.29
HUC,2020-04-20,2.19,3.32,1.21
HUC,2020-04-21,2.02,3.07,1.1
HUC,2020-04-22,1.99,3.0,1.11
HUC,2020-04-23,1.96,2.92,1.11
HUC,2020-04-24,1.93,2.86,1.12
HUC,2020-04-25,1.86,2.74,1.08
HUC,2020-04-26,1.69,2.52,0.95
HUC,2020-04-27,1.63,2.43,0.91
HUC,2020-04-28,1.57,2.36,0.88
HUC,2020-04-29,1.58,2.37,0.91
HUC,2020-04-30,1.64,2.4,0.96
HUC,2020-05-01,1.69,2.46,1.04
HUC,2020-05-02,1.65,2.38,1.01
HUC,2020-05-03,1.57,2.25,0.93
HUC,2020-05-04,1.52,2.21,0.92
HUC,2020-05-05,1.52,2.16,0.9
HUC,2020-05-06,1.52,2.18,0.94
HUC,2020-05-07,1.54,2.19,0.97
HUC,2020-05-08,1.52,2.15,0.96
HUC,2020-05-09,1.44,2.06,0.9
HUC,2020-05-10,1.39,1.98,0.85
HUC,2020-05-11,1.35,1.93,0.82
HUC,2020-05-12,1.42,2.01,0.9
HUC,2020-05-13,1.49,2.07,0.97
HUC,2020-05-14,1.58,2.15,1.07
HUC,2020-05-15,1.57,2.13,1.08
HUC,2020-05-16,1.51,2.06,1.04
HUC,2020-05-17,1.42,1.95,0.96
HUC,2020-05-18,1.39,1.91,0.94
HUC,2020-05-19,1.40,1.90,0.95
HUC,2020-05-20,1.46,1.96,1.02
HUC,2020-05-21,1.52,2.02,1.1
HUC,2020-05-22,1.53,1.99,1.1
HUC,2020-05-23,1.5,1.93,1.07
HUC,2020-05-24,1.43,1.87,1.03
HUC,2020-05-25,1.35,1.78,0.96
HUC,2020-05-26,1.29,1.72,0.91
HUC,2020-05-27,1.29,1.72,0.92
HUC,2020-05-28,1.3,1.73,0.94
HUC,2020-05-29,1.36,1.74,0.97
HUC,2020-05-30,1.39,1.78,1.02
HUC,2020-05-31,1.40,1.76,1.02
HUC,2020-06-01,1.36,1.74,1.01
HUC,2020-06-02,1.31,1.7,0.98
HUC,2020-06-03,1.23,1.59,0.89
HUC,2020-06-04,1.2,1.58,0.88
HUC,2020-06-05,1.19,1.55,0.86
HUC,2020-06-06,1.19,1.56,0.87
HUC,2020-06-07,1.2,1.55,0.87
HUC,2020-06-08,1.21,1.55,0.88
HUC,2020-06-09,1.22,1.57,0.9
HUC,2020-06-10,1.23,1.57,0.91
HUC,2020-06-11,1.23,1.56,0.91
HUC,2020-06-12,1.22,1.57,0.92
HUC,2020-06-13,1.21,1.54,0.9
HUC,2020-06-14,1.17,1.49,0.86
HUC,2020-06-15,1.15,1.48,0.85
HUC,2020-06-16,1.14,1.48,0.85
HUC,2020-06-17,1.12,1.44,0.82
HUC,2020-06-18,1.14,1.46,0.84
HUC,2020-06-19,1.16,1.49,0.87
HUC,2020-06-20,1.18,1.48,0.87
HUC,2020-06-21,1.19,1.51,0.9
HUC,2020-06-22,1.19,1.49,0.89
HUC,2020-06-23,1.18,1.5,0.9
HUC,2020-06-24,1.17,1.46,0.87
HUC,2020-06-25,1.16,1.46,0.87
HUC,2020-06-26,1.14,1.46,0.87
HUC,2020-06-27,1.15,1.44,0.86
HUC,2020-06-28,1.14,1.45,0.87
HUC,2020-06-29,1.14,1.45,0.87
HUC,2020-06-30,1.14,1.43,0.86
HUC,2020-07-01,1.14,1.44,0.87
HUC,2020-07-02,1.14,1.45,0.88
HUC,2020-07-03,1.15,1.44,0.88
HUC,2020-07-04,1.16,1.46,0.9
HUC,2020-07-05,1.17,1.45,0.9
HUC,2020-07-06,1.18,1.46,0.91
HUC,2020-07-07,1.17,1.47,0.92
HUC,2020-07-08,1.18,1.46,0.92
HUC,2020-07-09,1.19,1.48,0.94
HUC,2020-07-10,1.2,1.48,0.95
HUC,2020-07-11,1.21,1.46,0.94
HUC,2020-07-12,1.23,1.5,0.98
HUC,2020-07-13,1.24,1.5,0.99
HUC,2020-07-14,1.24,1.52,1.01
HUC,2020-07-15,1.23,1.49,0.99
HUC,2020-07-16,1.23,1.48,0.99
HUC,2020-07-17,1.23,1.49,1.0
HUC,2020-07-18,1.22,1.48,1.0
HUC,2020-07-19,1.22,1.46,0.99
HUC,2020-07-20,1.22,1.47,1.0
HUV,2020-04-05,3.0,6.99,1.01
HUV,2020-04-06,2.87,6.25,0.99
HUV,2020-04-07,2.77,5.83,1.01
HUV,2020-04-08,2.69,5.48,0.98
HUV,2020-04-09,2.61,5.25,0.99
HUV,2020-04-10,2.55,5.02,0.96
HUV,2020-04-11,2.49,4.87,0.97
HUV,2020-04-12,2.44,4.73,0.97
HUV,2020-04-13,2.4,4.60,0.96
HUV,2020-04-14,2.35,4.48,0.95
HUV,2020-04-15,2.32,4.35,0.92
HUV,2020-04-16,2.46,4.47,0.99
HUV,2020-04-17,2.38,4.33,1.01
HUV,2020-04-18,2.31,4.17,0.99
HUV,2020-04-19,2.25,4.04,0.98
HUV,2020-04-20,2.2,3.89,0.94
HUV,2020-04-21,2.03,3.65,0.87
HUV,2020-04-22,2.13,3.76,0.94
HUV,2020-04-23,2.21,3.80,0.99
HUV,2020-04-24,2.37,3.95,1.13
HUV,2020-04-25,2.36,3.83,1.14
HUV,2020-04-26,2.43,3.82,1.23
HUV,2020-04-27,2.45,3.73,1.28
HUV,2020-04-28,2.43,3.64,1.34
HUV,2020-04-29,2.38,3.52,1.37
HUV,2020-04-30,2.49,3.54,1.52
HUV,2020-05-01,2.42,3.38,1.52
HUV,2020-05-02,2.30,3.21,1.49
HUV,2020-05-03,2.1,2.93,1.34
HUV,2020-05-04,1.83,2.61,1.13
HUV,2020-05-05,1.61,2.36,0.96
HUV,2020-05-06,1.45,2.17,0.83
HUV,2020-05-07,1.35,2.05,0.75
HUV,2020-05-08,1.37,2.07,0.77
HUV,2020-05-09,1.38,2.05,0.76
HUV,2020-05-10,1.40,2.1,0.81
HUV,2020-05-11,1.39,2.05,0.78
HUV,2020-05-12,1.39,2.05,0.79
HUV,2020-05-13,1.36,2.04,0.79
HUV,2020-05-14,1.35,2.03,0.79
HUV,2020-05-15,1.33,1.97,0.75
HUV,2020-05-16,1.3,1.95,0.74
HUV,2020-05-17,1.34,1.97,0.76
HUV,2020-05-18,1.43,2.07,0.85
HUV,2020-05-19,1.54,2.19,0.97
HUV,2020-05-20,1.67,2.30,1.1
HUV,2020-05-21,1.7,2.30,1.14
HUV,2020-05-22,1.67,2.25,1.13
HUV,2020-05-23,1.59,2.16,1.08
HUV,2020-05-24,1.51,2.04,1.0
HUV,2020-05-25,1.47,2.02,1.0
HUV,2020-05-26,1.44,1.95,0.96
HUV,2020-05-27,1.42,1.92,0.95
HUV,2020-05-28,1.42,1.90,0.95
HUV,2020-05-29,1.39,1.85,0.92
HUV,2020-05-30,1.33,1.82,0.9
HUV,2020-05-31,1.3,1.76,0.86
HUV,2020-06-01,1.28,1.75,0.86
HUV,2020-06-02,1.35,1.79,0.91
HUV,2020-06-03,1.40,1.85,0.98
HUV,2020-06-04,1.42,1.88,1.02
HUV,2020-06-05,1.44,1.88,1.04
HUV,2020-06-06,1.39,1.83,1.01
HUV,2020-06-07,1.32,1.73,0.93
HUV,2020-06-08,1.24,1.66,0.87
HUV,2020-06-09,1.18,1.59,0.81
HUV,2020-06-10,1.17,1.56,0.79
HUV,2020-06-11,1.15,1.56,0.79
HUV,2020-06-12,1.14,1.55,0.78
HUV,2020-06-13,1.13,1.52,0.76
HUV,2020-06-14,1.16,1.55,0.79
HUV,2020-06-15,1.19,1.59,0.83
HUV,2020-06-16,1.22,1.63,0.87
HUV,2020-06-17,1.22,1.62,0.87
HUV,2020-06-18,1.2,1.58,0.84
HUV,2020-06-19,1.18,1.57,0.83
HUV,2020-06-20,1.15,1.53,0.8
HUV,2020-06-21,1.12,1.51,0.78
HUV,2020-06-22,1.13,1.52,0.79
HUV,2020-06-23,1.13,1.49,0.77
HUV,2020-06-24,1.14,1.51,0.79
HUV,2020-06-25,1.16,1.53,0.81
HUV,2020-06-26,1.16,1.54,0.82
HUV,2020-06-27,1.16,1.52,0.81
HUV,2020-06-28,1.16,1.53,0.82
HUV,2020-06-29,1.16,1.54,0.83
HUV,2020-06-30,1.16,1.52,0.82
HUV,2020-07-01,1.2,1.56,0.86
HUV,2020-07-02,1.24,1.58,0.89
HUV,2020-07-03,1.27,1.64,0.95
HUV,2020-07-04,1.28,1.65,0.97
HUV,2020-07-05,1.27,1.63,0.96
HUV,2020-07-06,1.24,1.59,0.93
HUV,2020-07-07,1.22,1.55,0.9
HUV,2020-07-08,1.21,1.53,0.89
HUV,2020-07-09,1.22,1.56,0.92
HUV,2020-07-10,1.24,1.57,0.94
HUV,2020-07-11,1.24,1.56,0.94
HUV,2020-07-12,1.25,1.59,0.97
HUV,2020-07-13,1.24,1.57,0.96
HUV,2020-07-14,1.24,1.55,0.95
HUV,2020-07-15,1.24,1.54,0.95
HUV,2020-07-16,1.25,1.53,0.95
HUV,2020-07-17,1.31,1.62,1.04
HUV,2020-07-18,1.37,1.65,1.09
HUV,2020-07-19,1.44,1.72,1.17
HUV,2020-07-20,1.51,1.77,1.24
ICA,2020-04-01,3.0,6.99,1.01
ICA,2020-04-02,2.87,6.25,0.99
ICA,2020-04-03,3.13,6.36,1.12
ICA,2020-04-04,2.9,5.63,1.09
ICA,2020-04-05,3.0,5.51,1.18
ICA,2020-04-06,3.01,5.32,1.31
ICA,2020-04-07,2.94,4.99,1.33
ICA,2020-04-08,2.67,4.49,1.23
ICA,2020-04-09,2.62,4.31,1.26
ICA,2020-04-10,2.44,3.95,1.16
ICA,2020-04-11,2.4,3.83,1.19
ICA,2020-04-12,2.44,3.79,1.27
ICA,2020-04-13,2.44,3.68,1.31
ICA,2020-04-14,2.33,3.52,1.31
ICA,2020-04-15,2.24,3.32,1.26
ICA,2020-04-16,2.11,3.14,1.21
ICA,2020-04-17,1.96,2.92,1.11
ICA,2020-04-18,1.93,2.86,1.12
ICA,2020-04-19,1.93,2.81,1.14
ICA,2020-04-20,2.04,2.86,1.25
ICA,2020-04-21,2.03,2.82,1.29
ICA,2020-04-22,1.95,2.72,1.27
ICA,2020-04-23,1.81,2.53,1.16
ICA,2020-04-24,1.77,2.44,1.13
ICA,2020-04-25,1.67,2.34,1.08
ICA,2020-04-26,1.71,2.35,1.13
ICA,2020-04-27,1.87,2.48,1.3
ICA,2020-04-28,1.97,2.54,1.42
ICA,2020-04-29,1.97,2.52,1.46
ICA,2020-04-30,1.94,2.47,1.47
ICA,2020-05-01,1.8,2.27,1.33
ICA,2020-05-02,1.65,2.11,1.21
ICA,2020-05-03,1.5,1.96,1.09
ICA,2020-05-04,1.46,1.87,1.03
ICA,2020-05-05,1.46,1.87,1.05
ICA,2020-05-06,1.5,1.90,1.1
ICA,2020-05-07,1.52,1.92,1.14
ICA,2020-05-08,1.51,1.91,1.15
ICA,2020-05-09,1.5,1.90,1.16
ICA,2020-05-10,1.5,1.85,1.14
ICA,2020-05-11,1.46,1.81,1.12
ICA,2020-05-12,1.52,1.86,1.19
ICA,2020-05-13,1.57,1.90,1.25
ICA,2020-05-14,1.59,1.93,1.3
ICA,2020-05-15,1.61,1.91,1.31
ICA,2020-05-16,1.56,1.86,1.28
ICA,2020-05-17,1.51,1.79,1.23
ICA,2020-05-18,1.45,1.74,1.19
ICA,2020-05-19,1.39,1.66,1.13
ICA,2020-05-20,1.36,1.63,1.11
ICA,2020-05-21,1.36,1.62,1.11
ICA,2020-05-22,1.36,1.62,1.12
ICA,2020-05-23,1.35,1.61,1.12
ICA,2020-05-24,1.34,1.59,1.11
ICA,2020-05-25,1.32,1.57,1.1
ICA,2020-05-26,1.33,1.57,1.11
ICA,2020-05-27,1.35,1.58,1.13
ICA,2020-05-28,1.35,1.57,1.13
ICA,2020-05-29,1.37,1.59,1.16
ICA,2020-05-30,1.37,1.58,1.16
ICA,2020-05-31,1.34,1.55,1.14
ICA,2020-06-01,1.31,1.51,1.11
ICA,2020-06-02,1.3,1.51,1.11
ICA,2020-06-03,1.28,1.49,1.1
ICA,2020-06-04,1.29,1.48,1.1
ICA,2020-06-05,1.26,1.46,1.08
ICA,2020-06-06,1.23,1.42,1.05
ICA,2020-06-07,1.19,1.39,1.02
ICA,2020-06-08,1.16,1.36,0.99
ICA,2020-06-09,1.13,1.32,0.96
ICA,2020-06-10,1.14,1.33,0.97
ICA,2020-06-11,1.15,1.34,0.98
ICA,2020-06-12,1.16,1.36,1.0
ICA,2020-06-13,1.16,1.34,0.99
ICA,2020-06-14,1.15,1.33,0.98
ICA,2020-06-15,1.13,1.32,0.97
ICA,2020-06-16,1.12,1.31,0.96
ICA,2020-06-17,1.11,1.28,0.94
ICA,2020-06-18,1.12,1.29,0.95
ICA,2020-06-19,1.13,1.3,0.96
ICA,2020-06-20,1.13,1.31,0.97
ICA,2020-06-21,1.15,1.33,0.99
ICA,2020-06-22,1.16,1.33,1.0
ICA,2020-06-23,1.18,1.35,1.02
ICA,2020-06-24,1.19,1.36,1.03
ICA,2020-06-25,1.19,1.35,1.03
ICA,2020-06-26,1.19,1.36,1.04
ICA,2020-06-27,1.18,1.35,1.03
ICA,2020-06-28,1.16,1.31,1.0
ICA,2020-06-29,1.15,1.31,1.0
ICA,2020-06-30,1.14,1.3,0.99
ICA,2020-07-01,1.13,1.29,0.98
ICA,2020-07-02,1.12,1.29,0.98
ICA,2020-07-03,1.12,1.27,0.97
ICA,2020-07-04,1.12,1.27,0.97
ICA,2020-07-05,1.11,1.27,0.97
ICA,2020-07-06,1.11,1.27,0.97
ICA,2020-07-07,1.11,1.27,0.97
ICA,2020-07-08,1.12,1.28,0.98
ICA,2020-07-09,1.13,1.29,0.99
ICA,2020-07-10,1.15,1.3,1.01
ICA,2020-07-11,1.17,1.32,1.03
ICA,2020-07-12,1.18,1.33,1.04
ICA,2020-07-13,1.17,1.32,1.03
ICA,2020-07-14,1.16,1.3,1.02
ICA,2020-07-15,1.14,1.29,1.01
ICA,2020-07-16,1.14,1.28,1.0
ICA,2020-07-17,1.13,1.27,0.99
ICA,2020-07-18,1.13,1.28,1.0
ICA,2020-07-19,1.12,1.25,0.98
ICA,2020-07-20,1.12,1.25,0.98
JUN,2020-04-01,3.0,6.99,1.01
JUN,2020-04-02,2.87,6.25,0.99
JUN,2020-04-03,3.13,6.36,1.12
JUN,2020-04-04,2.9,5.63,1.09
JUN,2020-04-05,3.0,5.51,1.18
JUN,2020-04-06,2.77,5.01,1.16
JUN,2020-04-07,3.01,5.09,1.33
JUN,2020-04-08,2.72,4.58,1.25
JUN,2020-04-09,2.66,4.38,1.28
JUN,2020-04-10,2.47,4.02,1.19
JUN,2020-04-11,2.32,3.76,1.13
JUN,2020-04-12,2.12,3.48,1.04
JUN,2020-04-13,2.05,3.32,0.99
JUN,2020-04-14,1.99,3.21,0.97
JUN,2020-04-15,2.15,3.35,1.11
JUN,2020-04-16,2.32,3.47,1.28
JUN,2020-04-17,2.35,3.43,1.36
JUN,2020-04-18,2.29,3.29,1.36
JUN,2020-04-19,2.22,3.18,1.37
JUN,2020-04-20,2.04,2.92,1.24
JUN,2020-04-21,1.91,2.72,1.14
JUN,2020-04-22,1.84,2.63,1.12
JUN,2020-04-23,1.8,2.56,1.11
JUN,2020-04-24,1.77,2.52,1.12
JUN,2020-04-25,1.79,2.5,1.15
JUN,2020-04-26,1.78,2.47,1.17
JUN,2020-04-27,1.78,2.44,1.19
JUN,2020-04-28,1.78,2.41,1.21
JUN,2020-04-29,1.72,2.33,1.18
JUN,2020-04-30,1.7,2.26,1.16
JUN,2020-05-01,1.66,2.21,1.15
JUN,2020-05-02,1.63,2.15,1.13
JUN,2020-05-03,1.63,2.14,1.15
JUN,2020-05-04,1.61,2.12,1.16
JUN,2020-05-05,1.57,2.03,1.11
JUN,2020-05-06,1.57,2.05,1.15
JUN,2020-05-07,1.53,1.99,1.12
JUN,2020-05-08,1.52,1.95,1.11
JUN,2020-05-09,1.47,1.90,1.08
JUN,2020-05-10,1.43,1.86,1.06
JUN,2020-05-11,1.41,1.82,1.04
JUN,2020-05-12,1.39,1.78,1.02
JUN,2020-05-13,1.38,1.78,1.03
JUN,2020-05-14,1.39,1.77,1.04
JUN,2020-05-15,1.39,1.74,1.03
JUN,2020-05-16,1.37,1.74,1.04
JUN,2020-05-17,1.35,1.69,1.01
JUN,2020-05-18,1.33,1.68,1.01
JUN,2020-05-19,1.32,1.66,1.0
JUN,2020-05-20,1.32,1.66,1.01
JUN,2020-05-21,1.32,1.66,1.02
JUN,2020-05-22,1.31,1.64,1.01
JUN,2020-05-23,1.3,1.63,1.01
JUN,2020-05-24,1.28,1.61,1.0
JUN,2020-05-25,1.28,1.6,1.0
JUN,2020-05-26,1.3,1.61,1.02
JUN,2020-05-27,1.32,1.63,1.05
JUN,2020-05-28,1.32,1.62,1.05
JUN,2020-05-29,1.3,1.6,1.04
JUN,2020-05-30,1.27,1.57,1.02
JUN,2020-05-31,1.25,1.53,0.99
JUN,2020-06-01,1.23,1.5,0.97
JUN,2020-06-02,1.21,1.5,0.97
JUN,2020-06-03,1.2,1.47,0.95
JUN,2020-06-04,1.19,1.47,0.95
JUN,2020-06-05,1.16,1.42,0.91
JUN,2020-06-06,1.15,1.42,0.91
JUN,2020-06-07,1.15,1.39,0.89
JUN,2020-06-08,1.16,1.42,0.92
JUN,2020-06-09,1.19,1.46,0.96
JUN,2020-06-10,1.22,1.47,0.98
JUN,2020-06-11,1.24,1.47,0.99
JUN,2020-06-12,1.24,1.49,1.01
JUN,2020-06-13,1.22,1.46,0.99
JUN,2020-06-14,1.2,1.46,0.99
JUN,2020-06-15,1.19,1.42,0.96
JUN,2020-06-16,1.18,1.43,0.97
JUN,2020-06-17,1.18,1.41,0.96
JUN,2020-06-18,1.19,1.43,0.98
JUN,2020-06-19,1.2,1.41,0.97
JUN,2020-06-20,1.21,1.44,1.0
JUN,2020-06-21,1.22,1.44,1.01
JUN,2020-06-22,1.22,1.45,1.02
JUN,2020-06-23,1.22,1.43,1.01
JUN,2020-06-24,1.21,1.43,1.01
JUN,2020-06-25,1.19,1.40,0.99
JUN,2020-06-26,1.19,1.40,0.99
JUN,2020-06-27,1.18,1.37,0.97
JUN,2020-06-28,1.18,1.38,0.98
JUN,2020-06-29,1.18,1.39,0.99
JUN,2020-06-30,1.17,1.36,0.97
JUN,2020-07-01,1.15,1.36,0.97
JUN,2020-07-02,1.14,1.35,0.96
JUN,2020-07-03,1.15,1.33,0.95
JUN,2020-07-04,1.16,1.35,0.97
JUN,2020-07-05,1.18,1.39,1.01
JUN,2020-07-06,1.2,1.38,1.01
JUN,2020-07-07,1.2,1.39,1.02
JUN,2020-07-08,1.18,1.38,1.01
JUN,2020-07-09,1.17,1.36,1.0
JUN,2020-07-10,1.17,1.36,1.0
JUN,2020-07-11,1.17,1.36,1.0
JUN,2020-07-12,1.18,1.35,1.0
JUN,2020-07-13,1.17,1.36,1.01
JUN,2020-07-14,1.17,1.35,1.0
JUN,2020-07-15,1.15,1.31,0.97
JUN,2020-07-16,1.13,1.3,0.96
JUN,2020-07-17,1.12,1.3,0.96
JUN,2020-07-18,1.13,1.31,0.97
JUN,2020-07-19,1.13,1.31,0.97
JUN,2020-07-20,1.15,1.31,0.98
LAL,2020-04-01,3.0,6.99,1.01
LAL,2020-04-02,2.21,4.31,0.85
LAL,2020-04-03,1.90,3.6,0.75
LAL,2020-04-04,1.71,3.22,0.69
LAL,2020-04-05,1.76,3.16,0.70
LAL,2020-04-06,1.78,3.15,0.77
LAL,2020-04-07,1.88,3.18,0.85
LAL,2020-04-08,1.86,3.1,0.89
LAL,2020-04-09,1.78,2.94,0.87
LAL,2020-04-10,1.66,2.74,0.81
LAL,2020-04-11,1.71,2.76,0.87
LAL,2020-04-12,1.7,2.67,0.86
LAL,2020-04-13,1.78,2.74,0.97
LAL,2020-04-14,1.79,2.68,0.99
LAL,2020-04-15,1.72,2.57,0.97
LAL,2020-04-16,1.63,2.45,0.93
LAL,2020-04-17,1.55,2.33,0.88
LAL,2020-04-18,1.57,2.32,0.91
LAL,2020-04-19,1.61,2.32,0.95
LAL,2020-04-20,1.74,2.44,1.1
LAL,2020-04-21,1.8,2.46,1.18
LAL,2020-04-22,1.82,2.47,1.25
LAL,2020-04-23,1.79,2.38,1.23
LAL,2020-04-24,1.75,2.30,1.21
LAL,2020-04-25,1.68,2.22,1.18
LAL,2020-04-26,1.61,2.11,1.12
LAL,2020-04-27,1.52,2.01,1.06
LAL,2020-04-28,1.51,1.99,1.07
LAL,2020-04-29,1.5,1.96,1.07
LAL,2020-04-30,1.55,1.98,1.12
LAL,2020-05-01,1.58,2.0,1.17
LAL,2020-05-02,1.62,2.04,1.24
LAL,2020-05-03,1.63,2.03,1.26
LAL,2020-05-04,1.61,2.0,1.26
LAL,2020-05-05,1.57,1.94,1.23
LAL,2020-05-06,1.53,1.88,1.2
LAL,2020-05-07,1.49,1.83,1.17
LAL,2020-05-08,1.44,1.77,1.13
LAL,2020-05-09,1.40,1.71,1.09
LAL,2020-05-10,1.36,1.68,1.07
LAL,2020-05-11,1.33,1.62,1.03
LAL,2020-05-12,1.32,1.61,1.03
LAL,2020-05-13,1.34,1.64,1.07
LAL,2020-05-14,1.39,1.69,1.13
LAL,2020-05-15,1.41,1.69,1.15
LAL,2020-05-16,1.41,1.69,1.16
LAL,2020-05-17,1.39,1.64,1.13
LAL,2020-05-18,1.35,1.61,1.11
LAL,2020-05-19,1.32,1.58,1.09
LAL,2020-05-20,1.31,1.56,1.08
LAL,2020-05-21,1.32,1.56,1.09
LAL,2020-05-22,1.31,1.54,1.08
LAL,2020-05-23,1.34,1.57,1.12
LAL,2020-05-24,1.33,1.55,1.11
LAL,2020-05-25,1.36,1.57,1.14
LAL,2020-05-26,1.34,1.55,1.13
LAL,2020-05-27,1.32,1.54,1.12
LAL,2020-05-28,1.37,1.59,1.18
LAL,2020-05-29,1.42,1.61,1.22
LAL,2020-05-30,1.45,1.64,1.26
LAL,2020-05-31,1.47,1.66,1.29
LAL,2020-06-01,1.44,1.63,1.27
LAL,2020-06-02,1.40,1.58,1.23
LAL,2020-06-03,1.32,1.49,1.15
LAL,2020-06-04,1.24,1.42,1.08
LAL,2020-06-05,1.2,1.36,1.03
LAL,2020-06-06,1.16,1.33,1.0
LAL,2020-06-07,1.14,1.32,0.99
LAL,2020-06-08,1.12,1.3,0.97
LAL,2020-06-09,1.12,1.28,0.96
LAL,2020-06-10,1.14,1.3,0.98
LAL,2020-06-11,1.15,1.31,0.99
LAL,2020-06-12,1.15,1.32,1.0
LAL,2020-06-13,1.14,1.31,0.99
LAL,2020-06-14,1.13,1.28,0.97
LAL,2020-06-15,1.12,1.28,0.97
LAL,2020-06-16,1.11,1.27,0.96
LAL,2020-06-17,1.11,1.27,0.96
LAL,2020-06-18,1.1,1.27,0.96
LAL,2020-06-19,1.1,1.27,0.96
LAL,2020-06-20,1.1,1.25,0.95
LAL,2020-06-21,1.1,1.25,0.95
LAL,2020-06-22,1.09,1.24,0.94
LAL,2020-06-23,1.08,1.24,0.94
LAL,2020-06-24,1.08,1.23,0.93
LAL,2020-06-25,1.07,1.23,0.93
LAL,2020-06-26,1.06,1.22,0.92
LAL,2020-06-27,1.06,1.21,0.91
LAL,2020-06-28,1.05,1.21,0.91
LAL,2020-06-29,1.06,1.22,0.92
LAL,2020-06-30,1.07,1.23,0.93
LAL,2020-07-01,1.08,1.24,0.94
LAL,2020-07-02,1.09,1.25,0.95
LAL,2020-07-03,1.09,1.23,0.94
LAL,2020-07-04,1.09,1.23,0.94
LAL,2020-07-05,1.09,1.24,0.95
LAL,2020-07-06,1.09,1.24,0.95
LAL,2020-07-07,1.09,1.24,0.95
LAL,2020-07-08,1.09,1.24,0.95
LAL,2020-07-09,1.08,1.23,0.94
LAL,2020-07-10,1.08,1.23,0.94
LAL,2020-07-11,1.07,1.23,0.94
LAL,2020-07-12,1.07,1.23,0.94
LAL,2020-07-13,1.07,1.23,0.94
LAL,2020-07-14,1.07,1.2,0.92
LAL,2020-07-15,1.06,1.2,0.92
LAL,2020-07-16,1.05,1.19,0.91
LAL,2020-07-17,1.04,1.18,0.9
LAL,2020-07-18,1.04,1.18,0.9
LAL,2020-07-19,1.04,1.18,0.9
LAL,2020-07-20,1.04,1.18,0.9
LAM,2020-04-01,3.0,6.99,1.01
LAM,2020-04-02,3.83,6.71,1.66
LAM,2020-04-03,3.5,5.5,1.68
LAM,2020-04-04,3.06,4.7,1.61
LAM,2020-04-05,3.68,5.07,2.35
LAM,2020-04-06,3.57,4.71,2.48
LAM,2020-04-07,3.23,4.2,2.33
LAM,2020-04-08,2.82,3.65,2.04
LAM,2020-04-09,2.39,3.12,1.69
LAM,2020-04-10,2.05,2.74,1.43
LAM,2020-04-11,1.83,2.46,1.24
LAM,2020-04-12,1.59,2.19,1.04
LAM,2020-04-13,1.68,2.27,1.15
LAM,2020-04-14,1.74,2.28,1.21
LAM,2020-04-15,1.77,2.32,1.29
LAM,2020-04-16,1.74,2.25,1.27
LAM,2020-04-17,1.64,2.11,1.18
LAM,2020-04-18,1.55,2.03,1.13
LAM,2020-04-19,1.53,1.99,1.12
LAM,2020-04-20,1.54,1.97,1.13
LAM,2020-04-21,1.58,2.0,1.19
LAM,2020-04-22,1.79,2.2,1.42
LAM,2020-04-23,1.96,2.33,1.6
LAM,2020-04-24,2.01,2.35,1.67
LAM,2020-04-25,1.99,2.33,1.69
LAM,2020-04-26,1.88,2.19,1.59
LAM,2020-04-27,1.77,2.07,1.5
LAM,2020-04-28,1.69,1.96,1.42
LAM,2020-04-29,1.6,1.87,1.35
LAM,2020-04-30,1.57,1.83,1.33
LAM,2020-05-01,1.53,1.78,1.3
LAM,2020-05-02,1.49,1.74,1.27
LAM,2020-05-03,1.44,1.66,1.21
LAM,2020-05-04,1.40,1.62,1.18
LAM,2020-05-05,1.38,1.61,1.18
LAM,2020-05-06,1.37,1.59,1.17
LAM,2020-05-07,1.34,1.55,1.14
LAM,2020-05-08,1.3,1.5,1.1
LAM,2020-05-09,1.25,1.46,1.06
LAM,2020-05-10,1.21,1.41,1.02
LAM,2020-05-11,1.2,1.40,1.01
LAM,2020-05-12,1.21,1.40,1.02
LAM,2020-05-13,1.24,1.44,1.06
LAM,2020-05-14,1.29,1.48,1.11
LAM,2020-05-15,1.31,1.49,1.13
LAM,2020-05-16,1.32,1.51,1.15
LAM,2020-05-17,1.31,1.5,1.15
LAM,2020-05-18,1.29,1.46,1.12
LAM,2020-05-19,1.26,1.44,1.1
LAM,2020-05-20,1.24,1.40,1.07
LAM,2020-05-21,1.22,1.39,1.06
LAM,2020-05-22,1.21,1.39,1.06
LAM,2020-05-23,1.2,1.36,1.04
LAM,2020-05-24,1.21,1.38,1.06
LAM,2020-05-25,1.23,1.38,1.07
LAM,2020-05-26,1.23,1.39,1.08
LAM,2020-05-27,1.21,1.38,1.07
LAM,2020-05-28,1.16,1.31,1.01
LAM,2020-05-29,1.13,1.28,0.98
LAM,2020-05-30,1.11,1.27,0.97
LAM,2020-05-31,1.13,1.29,0.99
LAM,2020-06-01,1.15,1.31,1.01
LAM,2020-06-02,1.18,1.32,1.03
LAM,2020-06-03,1.17,1.32,1.03
LAM,2020-06-04,1.15,1.3,1.01
LAM,2020-06-05,1.11,1.26,0.97
LAM,2020-06-06,1.09,1.24,0.95
LAM,2020-06-07,1.08,1.24,0.95
LAM,2020-06-08,1.1,1.26,0.97
LAM,2020-06-09,1.12,1.26,0.98
LAM,2020-06-10,1.15,1.29,1.01
LAM,2020-06-11,1.17,1.31,1.03
LAM,2020-06-12,1.17,1.32,1.04
LAM,2020-06-13,1.16,1.29,1.02
LAM,2020-06-14,1.14,1.27,1.0
LAM,2020-06-15,1.12,1.25,0.98
LAM,2020-06-16,1.1,1.24,0.97
LAM,2020-06-17,1.09,1.23,0.96
LAM,2020-06-18,1.08,1.22,0.95
LAM,2020-06-19,1.08,1.22,0.95
LAM,2020-06-20,1.07,1.21,0.94
LAM,2020-06-21,1.06,1.2,0.93
LAM,2020-06-22,1.06,1.2,0.93
LAM,2020-06-23,1.06,1.21,0.94
LAM,2020-06-24,1.07,1.22,0.95
LAM,2020-06-25,1.09,1.23,0.96
LAM,2020-06-26,1.09,1.21,0.95
LAM,2020-06-27,1.08,1.21,0.95
LAM,2020-06-28,1.07,1.2,0.94
LAM,2020-06-29,1.05,1.18,0.92
LAM,2020-06-30,1.04,1.17,0.91
LAM,2020-07-01,1.03,1.16,0.9
LAM,2020-07-02,1.03,1.16,0.9
LAM,2020-07-03,1.03,1.16,0.9
LAM,2020-07-04,1.03,1.16,0.9
LAM,2020-07-05,1.02,1.15,0.89
LAM,2020-07-06,1.03,1.15,0.89
LAM,2020-07-07,1.03,1.15,0.89
LAM,2020-07-08,1.03,1.15,0.89
LAM,2020-07-09,1.03,1.15,0.89
LAM,2020-07-10,1.02,1.15,0.89
LAM,2020-07-11,1.02,1.14,0.88
LAM,2020-07-12,1.01,1.16,0.89
LAM,2020-07-13,1.0,1.15,0.88
LAM,2020-07-14,1.0,1.15,0.88
LAM,2020-07-15,1.01,1.15,0.88
LAM,2020-07-16,1.01,1.16,0.89
LAM,2020-07-17,1.01,1.16,0.89
LAM,2020-07-18,1.02,1.16,0.89
LAM,2020-07-19,1.02,1.16,0.89
LAM,2020-07-20,1.02,1.16,0.89
LIM,2020-04-01,3.0,6.99,1.01
LIM,2020-04-02,1.98,2.86,1.18
LIM,2020-04-03,1.86,2.49,1.25
LIM,2020-04-04,1.93,2.46,1.44
LIM,2020-04-05,2.4,2.82,1.98
LIM,2020-04-06,2.68,3.04,2.34
LIM,2020-04-07,2.69,2.99,2.4
LIM,2020-04-08,2.6,2.87,2.36
LIM,2020-04-09,2.37,2.61,2.16
LIM,2020-04-10,2.07,2.29,1.88
LIM,2020-04-11,1.75,1.95,1.57
LIM,2020-04-12,1.54,1.72,1.36
LIM,2020-04-13,1.44,1.63,1.28
LIM,2020-04-14,1.45,1.62,1.29
LIM,2020-04-15,1.49,1.66,1.34
LIM,2020-04-16,1.53,1.67,1.37
LIM,2020-04-17,1.52,1.67,1.38
LIM,2020-04-18,1.5,1.64,1.36
LIM,2020-04-19,1.46,1.6,1.33
LIM,2020-04-20,1.42,1.55,1.29
LIM,2020-04-21,1.38,1.5,1.25
LIM,2020-04-22,1.31,1.44,1.19
LIM,2020-04-23,1.2,1.31,1.07
LIM,2020-04-24,1.13,1.25,1.01
LIM,2020-04-25,1.05,1.18,0.94
LIM,2020-04-26,1.01,1.13,0.89
LIM,2020-04-27,1.0,1.12,0.88
LIM,2020-04-28,0.96,1.09,0.85
LIM,2020-04-29,0.93,1.05,0.81
LIM,2020-05-01,0.94,1.07,0.83
LIM,2020-05-02,0.95,1.07,0.83
LIM,2020-05-03,0.99,1.11,0.87
LIM,2020-05-04,1.0,1.12,0.88
LIM,2020-05-05,0.99,1.11,0.87
LIM,2020-05-06,0.95,1.07,0.83
LIM,2020-05-07,0.91,1.03,0.79
LIM,2020-05-08,0.86,1.0,0.75
LIM,2020-05-09,0.86,1.0,0.75
LIM,2020-05-10,0.86,0.99,0.74
LIM,2020-05-11,0.86,0.99,0.74
LIM,2020-05-12,0.87,1.01,0.75
LIM,2020-05-13,0.87,1.0,0.74
LIM,2020-05-14,0.87,1.0,0.74
LIM,2020-05-15,0.87,1.0,0.74
LIM,2020-05-16,0.87,0.99,0.73
LIM,2020-05-17,0.87,1.01,0.74
LIM,2020-05-18,0.87,1.01,0.74
LIM,2020-05-19,0.87,1.01,0.74
LIM,2020-05-20,0.87,1.0,0.73
LIM,2020-05-21,0.87,1.0,0.73
LIM,2020-05-22,0.87,1.02,0.74
LIM,2020-05-23,0.87,1.02,0.74
LIM,2020-05-24,0.87,1.01,0.73
LIM,2020-05-25,0.87,1.01,0.73
LIM,2020-05-26,0.87,1.01,0.73
LIM,2020-05-27,0.87,1.02,0.73
LIM,2020-05-28,0.87,1.02,0.73
LIM,2020-05-29,0.87,1.02,0.73
LIM,2020-05-30,0.87,1.02,0.73
LIM,2020-05-31,0.87,1.01,0.72
LIM,2020-06-01,0.89,1.04,0.75
LIM,2020-06-02,0.92,1.08,0.78
LIM,2020-06-03,0.94,1.1,0.8
LIM,2020-06-04,0.95,1.12,0.82
LIM,2020-06-05,0.94,1.11,0.81
LIM,2020-06-06,0.92,1.08,0.78
LIM,2020-06-07,0.9,1.06,0.76
LIM,2020-06-08,0.87,1.03,0.73
LIM,2020-06-09,0.87,1.03,0.73
LIM,2020-06-10,0.87,1.02,0.72
LIM,2020-06-11,0.87,1.02,0.72
LIM,2020-06-12,0.87,1.04,0.73
LIM,2020-06-13,0.87,1.03,0.72
LIM,2020-06-14,0.87,1.03,0.72
LIM,2020-06-15,0.87,1.03,0.72
LIM,2020-06-16,0.87,1.03,0.72
LIM,2020-06-17,0.87,1.02,0.71
LIM,2020-06-18,0.87,1.04,0.72
LIM,2020-06-19,0.95,1.12,0.8
LIM,2020-06-20,1.01,1.18,0.86
LIM,2020-06-21,1.07,1.25,0.93
LIM,2020-06-22,1.1,1.26,0.95
LIM,2020-06-23,1.07,1.23,0.92
LIM,2020-06-24,1.01,1.17,0.86
LIM,2020-06-25,0.95,1.11,0.8
LIM,2020-06-26,0.95,1.12,0.81
LIM,2020-06-27,1.01,1.18,0.87
LIM,2020-06-28,1.08,1.22,0.92
LIM,2020-06-29,1.1,1.25,0.95
LIM,2020-06-30,1.07,1.23,0.93
LIM,2020-07-01,1.01,1.17,0.87
LIM,2020-07-02,0.95,1.11,0.81
LIM,2020-07-03,0.88,1.04,0.74
LIM,2020-07-04,0.88,1.04,0.74
LIM,2020-07-05,0.88,1.04,0.74
LIM,2020-07-06,0.88,1.03,0.73
LIM,2020-07-07,0.88,1.03,0.73
LIM,2020-07-08,0.88,1.05,0.74
LIM,2020-07-09,0.88,1.05,0.74
LIM,2020-07-10,0.88,1.04,0.73
LIM,2020-07-11,0.88,1.04,0.73
LIM,2020-07-12,0.88,1.04,0.73
LIM,2020-07-13,0.88,1.06,0.74
LIM,2020-07-14,0.88,1.05,0.73
LIM,2020-07-15,0.88,1.05,0.73
LIM,2020-07-16,0.88,1.05,0.73
LIM,2020-07-17,0.88,1.05,0.73
LIM,2020-07-18,0.88,1.04,0.72
LIM,2020-07-19,0.88,1.06,0.73
LIM,2020-07-20,0.88,1.06,0.73
LOR,2020-04-01,3.0,6.99,1.01
LOR,2020-04-02,2.93,5.13,1.26
LOR,2020-04-03,2.91,4.63,1.47
LOR,2020-04-04,2.88,4.28,1.62
LOR,2020-04-05,2.96,4.14,1.86
LOR,2020-04-06,2.78,3.75,1.81
LOR,2020-04-07,2.49,3.34,1.65
LOR,2020-04-08,2.12,2.9,1.39
LOR,2020-04-09,1.75,2.45,1.08
LOR,2020-04-10,1.5,2.18,0.9
LOR,2020-04-11,1.34,1.97,0.76
LOR,2020-04-12,1.29,1.92,0.74
LOR,2020-04-13,1.34,1.95,0.78
LOR,2020-04-14,1.40,2.01,0.85
LOR,2020-04-15,1.46,2.06,0.92
LOR,2020-04-16,1.54,2.11,1.0
LOR,2020-04-17,1.58,2.15,1.07
LOR,2020-04-18,1.59,2.14,1.1
LOR,2020-04-19,1.57,2.1,1.1
LOR,2020-04-20,1.54,2.05,1.09
LOR,2020-04-21,1.47,1.94,1.02
LOR,2020-04-22,1.40,1.85,0.96
LOR,2020-04-23,1.36,1.82,0.95
LOR,2020-04-24,1.34,1.79,0.94
LOR,2020-04-25,1.35,1.78,0.95
LOR,2020-04-26,1.41,1.82,1.01
LOR,2020-04-27,1.54,1.95,1.16
LOR,2020-04-28,1.69,2.09,1.33
LOR,2020-04-29,1.77,2.13,1.41
LOR,2020-04-30,1.76,2.1,1.42
LOR,2020-05-01,1.66,1.99,1.34
LOR,2020-05-02,1.53,1.86,1.23
LOR,2020-05-03,1.38,1.7,1.09
LOR,2020-05-04,1.28,1.58,0.99
LOR,2020-05-05,1.24,1.53,0.95
LOR,2020-05-06,1.23,1.51,0.94
LOR,2020-05-07,1.21,1.52,0.95
LOR,2020-05-08,1.21,1.51,0.95
LOR,2020-05-09,1.21,1.49,0.94
LOR,2020-05-10,1.23,1.5,0.96
LOR,2020-05-11,1.24,1.53,0.99
LOR,2020-05-12,1.29,1.57,1.04
LOR,2020-05-13,1.31,1.58,1.06
LOR,2020-05-14,1.3,1.57,1.06
LOR,2020-05-15,1.26,1.53,1.03
LOR,2020-05-16,1.23,1.48,0.99
LOR,2020-05-17,1.21,1.45,0.97
LOR,2020-05-18,1.23,1.48,1.0
LOR,2020-05-19,1.26,1.51,1.04
LOR,2020-05-20,1.32,1.56,1.1
LOR,2020-05-21,1.40,1.64,1.19
LOR,2020-05-22,1.43,1.66,1.22
LOR,2020-05-23,1.40,1.63,1.2
LOR,2020-05-24,1.42,1.62,1.21
LOR,2020-05-25,1.52,1.72,1.32
LOR,2020-05-26,1.6,1.81,1.42
LOR,2020-05-27,1.63,1.82,1.45
LOR,2020-05-28,1.6,1.77,1.42
LOR,2020-05-29,1.57,1.75,1.41
LOR,2020-05-30,1.47,1.64,1.31
LOR,2020-05-31,1.36,1.52,1.2
LOR,2020-06-01,1.25,1.42,1.1
LOR,2020-06-02,1.24,1.39,1.08
LOR,2020-06-03,1.23,1.40,1.09
LOR,2020-06-04,1.24,1.38,1.08
LOR,2020-06-05,1.25,1.40,1.1
LOR,2020-06-06,1.27,1.43,1.13
LOR,2020-06-07,1.27,1.42,1.13
LOR,2020-06-08,1.28,1.44,1.15
LOR,2020-06-09,1.3,1.44,1.16
LOR,2020-06-10,1.36,1.51,1.23
LOR,2020-06-11,1.41,1.55,1.28
LOR,2020-06-12,1.40,1.54,1.28
LOR,2020-06-13,1.36,1.5,1.24
LOR,2020-06-14,1.28,1.40,1.15
LOR,2020-06-15,1.2,1.33,1.08
LOR,2020-06-16,1.14,1.27,1.02
LOR,2020-06-17,1.11,1.24,0.99
LOR,2020-06-18,1.1,1.24,0.99
LOR,2020-06-19,1.1,1.22,0.98
LOR,2020-06-20,1.1,1.21,0.97
LOR,2020-06-21,1.09,1.2,0.96
LOR,2020-06-22,1.07,1.19,0.95
LOR,2020-06-23,1.06,1.18,0.94
LOR,2020-06-24,1.06,1.18,0.94
LOR,2020-06-25,1.06,1.18,0.94
LOR,2020-06-26,1.05,1.17,0.93
LOR,2020-06-27,1.05,1.17,0.93
LOR,2020-06-28,1.05,1.17,0.93
LOR,2020-06-29,1.05,1.17,0.93
LOR,2020-06-30,1.05,1.17,0.93
LOR,2020-07-01,1.05,1.18,0.94
LOR,2020-07-02,1.05,1.17,0.93
LOR,2020-07-03,1.05,1.17,0.93
LOR,2020-07-04,1.03,1.15,0.91
LOR,2020-07-05,1.01,1.13,0.89
LOR,2020-07-06,1.0,1.12,0.88
LOR,2020-07-07,1.0,1.11,0.87
LOR,2020-07-08,1.0,1.11,0.87
LOR,2020-07-09,1.0,1.14,0.89
LOR,2020-07-10,1.01,1.15,0.9
LOR,2020-07-11,1.02,1.16,0.91
LOR,2020-07-12,1.02,1.16,0.91
LOR,2020-07-13,1.01,1.15,0.9
LOR,2020-07-14,1.0,1.14,0.89
LOR,2020-07-15,0.99,1.12,0.87
LOR,2020-07-16,0.98,1.11,0.86
LOR,2020-07-17,0.98,1.11,0.86
LOR,2020-07-18,0.99,1.12,0.87
LOR,2020-07-19,1.0,1.12,0.87
LOR,2020-07-20,1.01,1.13,0.88
MDD,2020-04-10,3.0,6.99,1.01
MDD,2020-04-11,3.29,7.03,1.19
MDD,2020-04-12,3.38,6.51,1.31
MDD,2020-04-13,3.0,5.52,1.19
MDD,2020-04-14,2.77,5.01,1.16
MDD,2020-04-15,2.6,4.61,1.09
MDD,2020-04-16,2.31,4.11,0.94
MDD,2020-04-17,2.55,4.38,1.14
MDD,2020-04-18,2.7,4.42,1.27
MDD,2020-04-19,2.88,4.51,1.5
MDD,2020-04-20,2.79,4.27,1.53
MDD,2020-04-21,2.43,3.72,1.29
MDD,2020-04-22,2.19,3.39,1.16
MDD,2020-04-23,1.96,3.05,0.99
MDD,2020-04-24,1.79,2.87,0.92
MDD,2020-04-25,1.81,2.87,0.95
MDD,2020-04-26,1.77,2.77,0.91
MDD,2020-04-27,1.74,2.69,0.88
MDD,2020-04-28,1.71,2.67,0.9
MDD,2020-04-29,1.68,2.62,0.89
MDD,2020-04-30,1.66,2.56,0.87
MDD,2020-05-01,1.6,2.5,0.85
MDD,2020-05-02,1.51,2.34,0.75
MDD,2020-05-03,1.5,2.35,0.77
MDD,2020-05-04,1.49,2.35,0.78
MDD,2020-05-05,1.48,2.31,0.76
MDD,2020-05-06,1.54,2.38,0.82
MDD,2020-05-07,1.56,2.4,0.85
MDD,2020-05-08,1.55,2.34,0.82
MDD,2020-05-09,1.53,2.34,0.84
MDD,2020-05-10,1.52,2.32,0.84
MDD,2020-05-11,1.5,2.30,0.84
MDD,2020-05-12,1.46,2.24,0.81
MDD,2020-05-13,1.45,2.2,0.79
MDD,2020-05-14,1.44,2.2,0.8
MDD,2020-05-15,1.46,2.21,0.82
MDD,2020-05-16,1.5,2.23,0.85
MDD,2020-05-17,1.51,2.26,0.89
MDD,2020-05-18,1.52,2.25,0.9
MDD,2020-05-19,1.58,2.27,0.94
MDD,2020-05-20,1.57,2.25,0.95
MDD,2020-05-21,1.63,2.31,1.03
MDD,2020-05-22,1.7,2.36,1.11
MDD,2020-05-23,1.73,2.37,1.16
MDD,2020-05-24,1.73,2.33,1.17
MDD,2020-05-25,1.66,2.26,1.14
MDD,2020-05-26,1.57,2.15,1.07
MDD,2020-05-27,1.47,2.01,0.97
MDD,2020-05-28,1.38,1.90,0.89
MDD,2020-05-29,1.31,1.82,0.83
MDD,2020-05-30,1.29,1.81,0.83
MDD,2020-05-31,1.26,1.78,0.81
MDD,2020-06-01,1.26,1.76,0.8
MDD,2020-06-02,1.29,1.8,0.84
MDD,2020-06-03,1.32,1.82,0.87
MDD,2020-06-04,1.36,1.85,0.91
MDD,2020-06-05,1.41,1.90,0.97
MDD,2020-06-06,1.42,1.89,0.98
MDD,2020-06-07,1.42,1.87,0.98
MDD,2020-06-08,1.40,1.84,0.97
MDD,2020-06-09,1.37,1.83,0.97
MDD,2020-06-10,1.35,1.79,0.95
MDD,2020-06-11,1.32,1.76,0.93
MDD,2020-06-12,1.29,1.7,0.89
MDD,2020-06-13,1.28,1.69,0.89
MDD,2020-06-14,1.28,1.68,0.89
MDD,2020-06-15,1.25,1.65,0.87
MDD,2020-06-16,1.22,1.61,0.84
MDD,2020-06-17,1.2,1.61,0.84
MDD,2020-06-18,1.18,1.57,0.81
MDD,2020-06-19,1.21,1.61,0.85
MDD,2020-06-20,1.24,1.63,0.88
MDD,2020-06-21,1.27,1.64,0.9
MDD,2020-06-22,1.28,1.68,0.94
MDD,2020-06-23,1.26,1.65,0.92
MDD,2020-06-24,1.22,1.61,0.89
MDD,2020-06-25,1.18,1.56,0.85
MDD,2020-06-26,1.21,1.56,0.86
MDD,2020-06-27,1.27,1.64,0.94
MDD,2020-06-28,1.32,1.68,0.99
MDD,2020-06-29,1.33,1.69,1.01
MDD,2020-06-30,1.3,1.66,0.99
MDD,2020-07-01,1.24,1.6,0.94
MDD,2020-07-02,1.19,1.54,0.89
MDD,2020-07-03,1.14,1.47,0.83
MDD,2020-07-04,1.13,1.47,0.83
MDD,2020-07-05,1.14,1.48,0.84
MDD,2020-07-06,1.15,1.47,0.84
MDD,2020-07-07,1.15,1.48,0.85
MDD,2020-07-08,1.15,1.49,0.86
MDD,2020-07-09,1.16,1.47,0.85
MDD,2020-07-10,1.16,1.49,0.87
MDD,2020-07-11,1.17,1.47,0.86
MDD,2020-07-12,1.17,1.49,0.88
MDD,2020-07-13,1.16,1.49,0.88
MDD,2020-07-14,1.15,1.46,0.86
MDD,2020-07-15,1.14,1.46,0.86
MDD,2020-07-16,1.12,1.44,0.84
MDD,2020-07-17,1.11,1.41,0.82
MDD,2020-07-18,1.1,1.41,0.82
MDD,2020-07-19,1.11,1.42,0.83
MDD,2020-07-20,1.12,1.43,0.84
MOQ,2020-04-08,3.0,6.99,1.01
MOQ,2020-04-09,2.87,6.25,0.99
MOQ,2020-04-10,3.13,6.36,1.12
MOQ,2020-04-11,2.9,5.63,1.09
MOQ,2020-04-12,2.73,5.15,1.04
MOQ,2020-04-13,2.61,4.85,1.04
MOQ,2020-04-14,2.71,4.88,1.15
MOQ,2020-04-15,2.55,4.49,1.06
MOQ,2020-04-16,2.43,4.25,1.04
MOQ,2020-04-17,2.34,4.08,1.04
MOQ,2020-04-18,2.25,3.88,0.99
MOQ,2020-04-19,2.30,3.86,1.03
MOQ,2020-04-20,2.21,3.72,1.03
MOQ,2020-04-21,2.24,3.7,1.08
MOQ,2020-04-22,2.24,3.61,1.09
MOQ,2020-04-23,2.31,3.65,1.2
MOQ,2020-04-24,2.26,3.48,1.17
MOQ,2020-04-25,2.21,3.39,1.2
MOQ,2020-04-26,2.1,3.2,1.14
MOQ,2020-04-27,2.0,3.04,1.09
MOQ,2020-04-28,1.88,2.88,1.03
MOQ,2020-04-29,1.78,2.74,0.97
MOQ,2020-04-30,1.66,2.56,0.87
MOQ,2020-05-01,1.64,2.54,0.88
MOQ,2020-05-02,1.58,2.43,0.82
MOQ,2020-05-03,1.56,2.42,0.83
MOQ,2020-05-04,1.55,2.41,0.84
MOQ,2020-05-05,1.57,2.38,0.83
MOQ,2020-05-06,1.55,2.38,0.85
MOQ,2020-05-07,1.53,2.32,0.82
MOQ,2020-05-08,1.49,2.27,0.8
MOQ,2020-05-09,1.45,2.24,0.79
MOQ,2020-05-10,1.41,2.2,0.77
MOQ,2020-05-11,1.41,2.19,0.77
MOQ,2020-05-12,1.40,2.17,0.76
MOQ,2020-05-13,1.42,2.2,0.79
MOQ,2020-05-14,1.5,2.24,0.83
MOQ,2020-05-15,1.54,2.27,0.87
MOQ,2020-05-16,1.57,2.32,0.93
MOQ,2020-05-17,1.63,2.36,0.99
MOQ,2020-05-18,1.62,2.31,0.98
MOQ,2020-05-19,1.63,2.32,1.02
MOQ,2020-05-20,1.66,2.34,1.07
MOQ,2020-05-21,1.66,2.31,1.08
MOQ,2020-05-22,1.66,2.28,1.09
MOQ,2020-05-23,1.65,2.25,1.1
MOQ,2020-05-24,1.59,2.17,1.06
MOQ,2020-05-25,1.56,2.13,1.05
MOQ,2020-05-26,1.52,2.07,1.02
MOQ,2020-05-27,1.48,2.01,0.99
MOQ,2020-05-28,1.44,1.98,0.98
MOQ,2020-05-29,1.39,1.88,0.91
MOQ,2020-05-30,1.35,1.86,0.9
MOQ,2020-05-31,1.34,1.83,0.89
MOQ,2020-06-01,1.34,1.83,0.9
MOQ,2020-06-02,1.36,1.85,0.93
MOQ,2020-06-03,1.39,1.85,0.95
MOQ,2020-06-04,1.40,1.87,0.98
MOQ,2020-06-05,1.42,1.88,1.01
MOQ,2020-06-06,1.42,1.86,1.01
MOQ,2020-06-07,1.44,1.87,1.04
MOQ,2020-06-08,1.46,1.88,1.07
MOQ,2020-06-09,1.47,1.88,1.09
MOQ,2020-06-10,1.5,1.89,1.12
MOQ,2020-06-11,1.5,1.89,1.14
MOQ,2020-06-12,1.46,1.85,1.12
MOQ,2020-06-13,1.48,1.85,1.14
MOQ,2020-06-14,1.48,1.84,1.15
MOQ,2020-06-15,1.47,1.82,1.15
MOQ,2020-06-16,1.46,1.79,1.14
MOQ,2020-06-17,1.42,1.73,1.1
MOQ,2020-06-18,1.36,1.69,1.07
MOQ,2020-06-19,1.32,1.64,1.03
MOQ,2020-06-20,1.26,1.57,0.97
MOQ,2020-06-21,1.23,1.54,0.95
MOQ,2020-06-22,1.25,1.55,0.97
MOQ,2020-06-23,1.27,1.56,0.99
MOQ,2020-06-24,1.3,1.61,1.04
MOQ,2020-06-25,1.32,1.62,1.06
MOQ,2020-06-26,1.31,1.58,1.04
MOQ,2020-06-27,1.29,1.58,1.04
MOQ,2020-06-28,1.28,1.56,1.03
MOQ,2020-06-29,1.26,1.53,1.01
MOQ,2020-06-30,1.29,1.55,1.04
MOQ,2020-07-01,1.31,1.57,1.07
MOQ,2020-07-02,1.34,1.59,1.1
MOQ,2020-07-03,1.36,1.61,1.13
MOQ,2020-07-04,1.36,1.61,1.14
MOQ,2020-07-05,1.36,1.6,1.14
MOQ,2020-07-06,1.34,1.57,1.12
MOQ,2020-07-07,1.31,1.53,1.09
MOQ,2020-07-08,1.26,1.5,1.06
MOQ,2020-07-09,1.22,1.44,1.01
MOQ,2020-07-10,1.18,1.41,0.98
MOQ,2020-07-11,1.16,1.37,0.95
MOQ,2020-07-12,1.14,1.36,0.94
MOQ,2020-07-13,1.14,1.37,0.95
MOQ,2020-07-14,1.14,1.35,0.94
MOQ,2020-07-15,1.16,1.38,0.97
MOQ,2020-07-16,1.18,1.41,1.0
MOQ,2020-07-17,1.22,1.43,1.03
MOQ,2020-07-18,1.26,1.47,1.07
MOQ,2020-07-19,1.28,1.49,1.1
MOQ,2020-07-20,1.3,1.49,1.11
PAS,2020-04-16,3.0,6.99,1.01
PAS,2020-04-17,3.29,7.03,1.19
PAS,2020-04-18,3.82,7.09,1.53
PAS,2020-04-19,3.5,6.03,1.51
PAS,2020-04-20,3.46,5.62,1.65
PAS,2020-04-21,2.95,4.78,1.44
PAS,2020-04-22,2.78,4.41,1.40
PAS,2020-04-23,2.53,4.0,1.29
PAS,2020-04-24,2.35,3.69,1.2
PAS,2020-04-25,2.22,3.49,1.16
PAS,2020-04-26,2.11,3.27,1.08
PAS,2020-04-27,2.02,3.12,1.04
PAS,2020-04-28,1.95,3.02,1.03
PAS,2020-04-29,1.99,3.03,1.09
PAS,2020-04-30,2.02,2.99,1.12
PAS,2020-05-01,1.98,2.93,1.14
PAS,2020-05-02,1.90,2.77,1.07
PAS,2020-05-03,1.76,2.63,1.01
PAS,2020-05-04,1.58,2.37,0.84
PAS,2020-05-05,1.5,2.30,0.81
PAS,2020-05-06,1.43,2.2,0.75
PAS,2020-05-07,1.42,2.19,0.75
PAS,2020-05-08,1.42,2.17,0.74
PAS,2020-05-09,1.41,2.16,0.74
PAS,2020-05-10,1.41,2.14,0.73
PAS,2020-05-11,1.40,2.18,0.77
PAS,2020-05-12,1.42,2.16,0.76
PAS,2020-05-13,1.45,2.2,0.8
PAS,2020-05-14,1.46,2.2,0.81
PAS,2020-05-15,1.48,2.22,0.84
PAS,2020-05-16,1.54,2.29,0.91
PAS,2020-05-17,1.57,2.31,0.95
PAS,2020-05-18,1.6,2.30,0.97
PAS,2020-05-19,1.57,2.26,0.96
PAS,2020-05-20,1.56,2.24,0.97
PAS,2020-05-21,1.56,2.22,0.98
PAS,2020-05-22,1.53,2.18,0.97
PAS,2020-05-23,1.51,2.13,0.95
PAS,2020-05-24,1.54,2.16,1.0
PAS,2020-05-25,1.55,2.14,1.01
PAS,2020-05-26,1.59,2.15,1.05
PAS,2020-05-27,1.6,2.15,1.08
PAS,2020-05-28,1.59,2.13,1.09
PAS,2020-05-29,1.57,2.1,1.09
PAS,2020-05-30,1.52,2.04,1.06
PAS,2020-05-31,1.5,1.99,1.04
PAS,2020-06-01,1.47,1.97,1.04
PAS,2020-06-02,1.51,1.96,1.06
PAS,2020-06-03,1.54,1.99,1.11
PAS,2020-06-04,1.52,1.95,1.1
PAS,2020-06-05,1.48,1.91,1.08
PAS,2020-06-06,1.41,1.84,1.03
PAS,2020-06-07,1.34,1.75,0.96
PAS,2020-06-08,1.34,1.75,0.97
PAS,2020-06-09,1.33,1.71,0.95
PAS,2020-06-10,1.38,1.77,1.02
PAS,2020-06-11,1.41,1.8,1.06
PAS,2020-06-12,1.40,1.77,1.05
PAS,2020-06-13,1.35,1.7,1.0
PAS,2020-06-14,1.34,1.7,1.01
PAS,2020-06-15,1.33,1.69,1.01
PAS,2020-06-16,1.33,1.69,1.02
PAS,2020-06-17,1.33,1.65,1.0
PAS,2020-06-18,1.32,1.64,1.0
PAS,2020-06-19,1.29,1.62,0.99
PAS,2020-06-20,1.25,1.57,0.95
PAS,2020-06-21,1.22,1.53,0.92
PAS,2020-06-22,1.21,1.53,0.92
PAS,2020-06-23,1.22,1.53,0.93
PAS,2020-06-24,1.23,1.55,0.95
PAS,2020-06-25,1.25,1.56,0.97
PAS,2020-06-26,1.29,1.59,1.01
PAS,2020-06-27,1.31,1.61,1.04
PAS,2020-06-28,1.33,1.62,1.06
PAS,2020-06-29,1.33,1.62,1.07
PAS,2020-06-30,1.32,1.6,1.06
PAS,2020-07-01,1.3,1.58,1.05
PAS,2020-07-02,1.29,1.56,1.04
PAS,2020-07-03,1.26,1.52,1.01
PAS,2020-07-04,1.25,1.49,0.99
PAS,2020-07-05,1.22,1.49,0.99
PAS,2020-07-06,1.2,1.45,0.96
PAS,2020-07-07,1.16,1.42,0.93
PAS,2020-07-08,1.13,1.37,0.89
PAS,2020-07-09,1.11,1.36,0.88
PAS,2020-07-10,1.1,1.35,0.87
PAS,2020-07-11,1.09,1.34,0.86
PAS,2020-07-12,1.1,1.35,0.87
PAS,2020-07-13,1.1,1.36,0.88
PAS,2020-07-14,1.1,1.33,0.86
PAS,2020-07-15,1.09,1.34,0.87
PAS,2020-07-16,1.09,1.33,0.86
PAS,2020-07-17,1.08,1.33,0.86
PAS,2020-07-18,1.08,1.33,0.86
PAS,2020-07-19,1.07,1.32,0.85
PAS,2020-07-20,1.08,1.33,0.86
PIU,2020-04-01,3.0,6.99,1.01
PIU,2020-04-02,2.77,5.83,1.01
PIU,2020-04-03,2.37,4.88,0.89
PIU,2020-04-04,2.32,4.65,0.83
PIU,2020-04-05,2.49,4.88,0.98
PIU,2020-04-06,2.61,4.85,1.04
PIU,2020-04-07,2.86,4.98,1.23
PIU,2020-04-08,3.13,5.04,1.48
PIU,2020-04-09,3.16,4.85,1.66
PIU,2020-04-10,3.05,4.52,1.71
PIU,2020-04-11,3.33,4.62,2.11
PIU,2020-04-12,3.1,4.19,2.03
PIU,2020-04-13,2.84,3.78,1.89
PIU,2020-04-14,2.52,3.4,1.71
PIU,2020-04-15,2.34,3.14,1.6
PIU,2020-04-16,2.26,3.0,1.58
PIU,2020-04-17,2.18,2.84,1.53
PIU,2020-04-18,2.04,2.67,1.45
PIU,2020-04-19,1.99,2.6,1.45
PIU,2020-04-20,1.88,2.44,1.36
PIU,2020-04-21,1.74,2.25,1.23
PIU,2020-04-22,1.67,2.17,1.19
PIU,2020-04-23,1.69,2.16,1.22
PIU,2020-04-24,1.72,2.21,1.3
PIU,2020-04-25,1.78,2.2,1.34
PIU,2020-04-26,1.81,2.23,1.41
PIU,2020-04-27,1.84,2.24,1.46
PIU,2020-04-28,1.88,2.27,1.53
PIU,2020-04-29,1.85,2.22,1.52
PIU,2020-04-30,1.8,2.15,1.49
PIU,2020-05-01,1.76,2.09,1.46
PIU,2020-05-02,1.65,1.97,1.37
PIU,2020-05-03,1.56,1.87,1.29
PIU,2020-05-04,1.54,1.84,1.28
PIU,2020-05-05,1.5,1.79,1.25
PIU,2020-05-06,1.5,1.77,1.25
PIU,2020-05-07,1.46,1.74,1.23
PIU,2020-05-08,1.40,1.65,1.16
PIU,2020-05-09,1.34,1.59,1.11
PIU,2020-05-10,1.28,1.52,1.05
PIU,2020-05-11,1.25,1.51,1.04
PIU,2020-05-12,1.28,1.52,1.06
PIU,2020-05-13,1.31,1.54,1.09
PIU,2020-05-14,1.36,1.59,1.15
PIU,2020-05-15,1.39,1.61,1.18
PIU,2020-05-16,1.39,1.61,1.19
PIU,2020-05-17,1.38,1.59,1.18
PIU,2020-05-18,1.33,1.54,1.14
PIU,2020-05-19,1.28,1.47,1.08
PIU,2020-05-20,1.22,1.43,1.04
PIU,2020-05-21,1.18,1.36,0.98
PIU,2020-05-22,1.16,1.36,0.98
PIU,2020-05-23,1.17,1.37,0.99
PIU,2020-05-24,1.19,1.37,1.0
PIU,2020-05-25,1.21,1.40,1.03
PIU,2020-05-26,1.22,1.42,1.05
PIU,2020-05-27,1.27,1.45,1.09
PIU,2020-05-28,1.29,1.46,1.11
PIU,2020-05-29,1.34,1.53,1.18
PIU,2020-05-30,1.36,1.54,1.2
PIU,2020-05-31,1.36,1.53,1.2
PIU,2020-06-01,1.34,1.52,1.19
PIU,2020-06-02,1.33,1.5,1.18
PIU,2020-06-03,1.28,1.43,1.12
PIU,2020-06-04,1.25,1.41,1.1
PIU,2020-06-05,1.19,1.36,1.05
PIU,2020-06-06,1.15,1.31,1.01
PIU,2020-06-07,1.13,1.28,0.98
PIU,2020-06-08,1.13,1.29,0.99
PIU,2020-06-09,1.14,1.3,1.0
PIU,2020-06-10,1.18,1.34,1.04
PIU,2020-06-11,1.19,1.34,1.05
PIU,2020-06-12,1.19,1.34,1.05
PIU,2020-06-13,1.16,1.32,1.03
PIU,2020-06-14,1.13,1.26,0.98
PIU,2020-06-15,1.09,1.22,0.94
PIU,2020-06-16,1.06,1.2,0.92
PIU,2020-06-17,1.05,1.18,0.9
PIU,2020-06-18,1.05,1.19,0.91
PIU,2020-06-19,1.05,1.19,0.91
PIU,2020-06-20,1.06,1.2,0.92
PIU,2020-06-21,1.06,1.2,0.92
PIU,2020-06-22,1.06,1.2,0.92
PIU,2020-06-23,1.06,1.2,0.92
PIU,2020-06-24,1.05,1.19,0.91
PIU,2020-06-25,1.04,1.18,0.9
PIU,2020-06-26,1.03,1.17,0.89
PIU,2020-06-27,1.01,1.16,0.88
PIU,2020-06-28,1.0,1.14,0.86
PIU,2020-06-29,1.01,1.14,0.86
PIU,2020-06-30,1.01,1.15,0.87
PIU,2020-07-01,1.02,1.18,0.89
PIU,2020-07-02,1.02,1.18,0.89
PIU,2020-07-03,1.02,1.17,0.88
PIU,2020-07-04,1.01,1.17,0.88
PIU,2020-07-05,1.01,1.17,0.88
PIU,2020-07-06,1.01,1.16,0.87
PIU,2020-07-07,1.01,1.17,0.88
PIU,2020-07-08,1.01,1.17,0.88
PIU,2020-07-09,1.01,1.17,0.88
PIU,2020-07-10,1.01,1.16,0.87
PIU,2020-07-11,1.01,1.16,0.87
PIU,2020-07-12,1.01,1.16,0.87
PIU,2020-07-13,1.01,1.16,0.87
PIU,2020-07-14,1.01,1.16,0.87
PIU,2020-07-15,1.01,1.15,0.86
PIU,2020-07-16,1.0,1.15,0.86
PIU,2020-07-17,0.99,1.14,0.85
PIU,2020-07-18,0.99,1.13,0.84
PIU,2020-07-19,0.99,1.13,0.84
PIU,2020-07-20,1.0,1.16,0.86
PUN,2020-04-16,3.0,6.99,1.01
PUN,2020-04-17,2.87,6.25,0.99
PUN,2020-04-18,2.77,5.83,1.01
PUN,2020-04-19,3.0,5.96,1.12
PUN,2020-04-20,3.11,5.81,1.25
PUN,2020-04-21,3.09,5.48,1.32
PUN,2020-04-22,3.46,5.62,1.65
PUN,2020-04-23,3.47,5.32,1.82
PUN,2020-04-24,3.05,4.65,1.66
PUN,2020-04-25,2.78,4.16,1.52
PUN,2020-04-26,2.42,3.65,1.3
PUN,2020-04-27,2.18,3.34,1.18
PUN,2020-04-28,2.07,3.14,1.11
PUN,2020-04-29,1.93,2.97,1.05
PUN,2020-04-30,1.92,2.9,1.05
PUN,2020-05-01,1.86,2.82,1.04
PUN,2020-05-02,1.76,2.67,0.97
PUN,2020-05-03,1.69,2.57,0.93
PUN,2020-05-04,1.62,2.48,0.89
PUN,2020-05-05,1.56,2.4,0.85
PUN,2020-05-06,1.55,2.35,0.83
PUN,2020-05-07,1.5,2.30,0.81
PUN,2020-05-08,1.49,2.27,0.8
PUN,2020-05-09,1.45,2.24,0.79
PUN,2020-05-10,1.44,2.2,0.77
PUN,2020-05-11,1.46,2.24,0.81
PUN,2020-05-12,1.45,2.2,0.79
PUN,2020-05-13,1.44,2.21,0.81
PUN,2020-05-14,1.41,2.12,0.75
PUN,2020-05-15,1.38,2.12,0.76
PUN,2020-05-16,1.35,2.06,0.72
PUN,2020-05-17,1.34,2.08,0.74
PUN,2020-05-18,1.34,2.05,0.72
PUN,2020-05-19,1.36,2.06,0.73
PUN,2020-05-20,1.36,2.08,0.75
PUN,2020-05-21,1.38,2.11,0.78
PUN,2020-05-22,1.40,2.1,0.78
PUN,2020-05-23,1.42,2.09,0.78
PUN,2020-05-24,1.43,2.14,0.83
PUN,2020-05-25,1.40,2.06,0.78
PUN,2020-05-26,1.39,2.06,0.79
PUN,2020-05-27,1.38,2.06,0.8
PUN,2020-05-28,1.40,2.06,0.81
PUN,2020-05-29,1.41,2.07,0.83
PUN,2020-05-30,1.42,2.08,0.85
PUN,2020-05-31,1.43,2.05,0.84
PUN,2020-06-01,1.42,2.06,0.86
PUN,2020-06-02,1.40,2.03,0.85
PUN,2020-06-03,1.41,2.0,0.84
PUN,2020-06-04,1.40,2.01,0.86
PUN,2020-06-05,1.44,2.05,0.91
PUN,2020-06-06,1.44,2.04,0.92
PUN,2020-06-07,1.46,2.04,0.94
PUN,2020-06-08,1.44,2.01,0.93
PUN,2020-06-09,1.42,1.99,0.93
PUN,2020-06-10,1.40,1.95,0.91
PUN,2020-06-11,1.35,1.90,0.88
PUN,2020-06-12,1.3,1.83,0.83
PUN,2020-06-13,1.26,1.79,0.8
PUN,2020-06-14,1.27,1.78,0.8
PUN,2020-06-15,1.29,1.77,0.8
PUN,2020-06-16,1.31,1.82,0.85
PUN,2020-06-17,1.33,1.83,0.87
PUN,2020-06-18,1.34,1.85,0.9
PUN,2020-06-19,1.35,1.82,0.89
PUN,2020-06-20,1.34,1.82,0.9
PUN,2020-06-21,1.32,1.81,0.9
PUN,2020-06-22,1.3,1.76,0.87
PUN,2020-06-23,1.27,1.73,0.85
PUN,2020-06-24,1.24,1.69,0.82
PUN,2020-06-25,1.22,1.66,0.8
PUN,2020-06-26,1.2,1.66,0.8
PUN,2020-06-27,1.21,1.65,0.8
PUN,2020-06-28,1.2,1.65,0.8
PUN,2020-06-29,1.18,1.62,0.78
PUN,2020-06-30,1.17,1.62,0.78
PUN,2020-07-01,1.17,1.6,0.77
PUN,2020-07-02,1.16,1.6,0.77
PUN,2020-07-03,1.17,1.61,0.78
PUN,2020-07-04,1.17,1.58,0.76
PUN,2020-07-05,1.16,1.58,0.76
PUN,2020-07-06,1.15,1.58,0.76
PUN,2020-07-07,1.14,1.58,0.76
PUN,2020-07-08,1.15,1.56,0.75
PUN,2020-07-10,1.17,1.58,0.77
PUN,2020-07-11,1.18,1.6,0.79
PUN,2020-07-12,1.18,1.62,0.81
PUN,2020-07-13,1.18,1.59,0.79
PUN,2020-07-14,1.17,1.6,0.8
PUN,2020-07-15,1.16,1.56,0.77
PUN,2020-07-16,1.16,1.57,0.78
PUN,2020-07-17,1.17,1.59,0.8
PUN,2020-07-18,1.18,1.57,0.79
PUN,2020-07-19,1.18,1.59,0.81
PUN,2020-07-20,1.18,1.6,0.82
SAM,2020-04-05,3.0,6.99,1.01
SAM,2020-04-06,2.87,6.25,0.99
SAM,2020-04-07,2.77,5.83,1.01
SAM,2020-04-08,3.0,5.96,1.12
SAM,2020-04-09,2.81,5.42,1.11
SAM,2020-04-10,2.92,5.36,1.21
SAM,2020-04-11,2.5,4.60,1.02
SAM,2020-04-12,2.6,4.61,1.09
SAM,2020-04-13,2.64,4.54,1.16
SAM,2020-04-14,2.63,4.42,1.22
SAM,2020-04-15,2.87,4.5,1.40
SAM,2020-04-16,2.81,4.32,1.48
SAM,2020-04-17,2.72,4.09,1.5
SAM,2020-04-18,2.46,3.66,1.33
SAM,2020-04-19,2.15,3.29,1.17
SAM,2020-04-20,1.99,3.07,1.08
SAM,2020-04-21,1.87,2.9,1.01
SAM,2020-04-22,1.68,2.66,0.88
SAM,2020-04-23,1.75,2.7,0.93
SAM,2020-04-24,1.8,2.75,1.0
SAM,2020-04-25,1.88,2.80,1.08
SAM,2020-04-26,1.93,2.82,1.15
SAM,2020-04-27,1.96,2.79,1.19
SAM,2020-04-28,1.94,2.74,1.21
SAM,2020-04-29,1.89,2.66,1.2
SAM,2020-04-30,1.79,2.52,1.13
SAM,2020-05-01,1.7,2.41,1.08
SAM,2020-05-02,1.62,2.29,1.01
SAM,2020-05-03,1.54,2.2,0.96
SAM,2020-05-04,1.5,2.14,0.93
SAM,2020-05-05,1.53,2.17,0.98
SAM,2020-05-06,1.58,2.17,1.01
SAM,2020-05-07,1.65,2.26,1.12
SAM,2020-05-08,1.66,2.23,1.13
SAM,2020-05-09,1.63,2.18,1.12
SAM,2020-05-10,1.55,2.06,1.04
SAM,2020-05-11,1.49,1.99,1.0
SAM,2020-05-12,1.41,1.92,0.95
SAM,2020-05-13,1.38,1.88,0.93
SAM,2020-05-14,1.34,1.82,0.89
SAM,2020-05-15,1.31,1.8,0.88
SAM,2020-05-16,1.27,1.73,0.83
SAM,2020-05-17,1.23,1.69,0.8
SAM,2020-05-18,1.22,1.7,0.81
SAM,2020-05-19,1.24,1.69,0.81
SAM,2020-05-20,1.26,1.73,0.85
SAM,2020-05-21,1.3,1.75,0.88
SAM,2020-05-22,1.33,1.78,0.92
SAM,2020-05-23,1.36,1.8,0.95
SAM,2020-05-24,1.37,1.82,0.98
SAM,2020-05-25,1.36,1.79,0.97
SAM,2020-05-26,1.35,1.79,0.98
SAM,2020-05-27,1.32,1.73,0.94
SAM,2020-05-28,1.3,1.71,0.93
SAM,2020-05-29,1.29,1.7,0.93
SAM,2020-05-30,1.3,1.7,0.94
SAM,2020-05-31,1.3,1.7,0.95
SAM,2020-06-01,1.31,1.7,0.96
SAM,2020-06-02,1.28,1.64,0.92
SAM,2020-06-03,1.26,1.62,0.91
SAM,2020-06-04,1.23,1.62,0.91
SAM,2020-06-05,1.21,1.58,0.88
SAM,2020-06-06,1.21,1.56,0.87
SAM,2020-06-07,1.21,1.58,0.89
SAM,2020-06-08,1.22,1.58,0.9
SAM,2020-06-09,1.26,1.6,0.93
SAM,2020-06-10,1.29,1.62,0.96
SAM,2020-06-11,1.34,1.67,1.02
SAM,2020-06-12,1.36,1.69,1.05
SAM,2020-06-13,1.36,1.69,1.06
SAM,2020-06-14,1.33,1.66,1.04
SAM,2020-06-15,1.29,1.58,0.98
SAM,2020-06-16,1.25,1.57,0.97
SAM,2020-06-17,1.23,1.54,0.95
SAM,2020-06-18,1.22,1.52,0.94
SAM,2020-06-19,1.22,1.5,0.93
SAM,2020-06-20,1.21,1.52,0.95
SAM,2020-06-21,1.21,1.5,0.94
SAM,2020-06-22,1.22,1.52,0.96
SAM,2020-06-23,1.22,1.51,0.96
SAM,2020-06-24,1.25,1.52,0.98
SAM,2020-06-25,1.27,1.56,1.02
SAM,2020-06-26,1.29,1.57,1.04
SAM,2020-06-27,1.29,1.57,1.05
SAM,2020-06-28,1.28,1.55,1.04
SAM,2020-06-29,1.27,1.53,1.03
SAM,2020-06-30,1.27,1.51,1.02
SAM,2020-07-01,1.26,1.52,1.03
SAM,2020-07-02,1.27,1.52,1.04
SAM,2020-07-03,1.28,1.52,1.05
SAM,2020-07-04,1.3,1.53,1.07
SAM,2020-07-05,1.32,1.54,1.09
SAM,2020-07-06,1.32,1.57,1.12
SAM,2020-07-07,1.32,1.55,1.11
SAM,2020-07-08,1.31,1.53,1.1
SAM,2020-07-09,1.29,1.51,1.09
SAM,2020-07-10,1.28,1.48,1.07
SAM,2020-07-11,1.28,1.5,1.09
SAM,2020-07-12,1.27,1.47,1.07
SAM,2020-07-13,1.25,1.44,1.05
SAM,2020-07-14,1.23,1.43,1.04
SAM,2020-07-15,1.2,1.41,1.02
SAM,2020-07-16,1.17,1.37,0.99
SAM,2020-07-17,1.16,1.36,0.98
SAM,2020-07-18,1.16,1.36,0.98
SAM,2020-07-19,1.15,1.34,0.97
SAM,2020-07-20,1.15,1.35,0.98
TAC,2020-04-14,3.0,6.99,1.01
TAC,2020-04-15,3.29,7.03,1.19
TAC,2020-04-16,3.82,7.09,1.53
TAC,2020-04-17,3.5,6.03,1.51
TAC,2020-04-18,3.01,5.09,1.33
TAC,2020-04-19,2.72,4.59,1.26
TAC,2020-04-20,2.52,4.19,1.16
TAC,2020-04-21,2.37,3.89,1.08
TAC,2020-04-22,2.26,3.68,1.04
TAC,2020-04-23,2.16,3.56,1.05
TAC,2020-04-24,2.17,3.51,1.08
TAC,2020-04-25,2.01,3.28,1.0
TAC,2020-04-26,2.03,3.23,1.01
TAC,2020-04-27,2.03,3.21,1.05
TAC,2020-04-28,2.09,3.2,1.1
TAC,2020-04-29,2.11,3.21,1.18
TAC,2020-04-30,2.07,3.1,1.17
TAC,2020-05-01,1.93,2.91,1.09
TAC,2020-05-02,1.82,2.74,1.01
TAC,2020-05-03,1.69,2.57,0.92
TAC,2020-05-04,1.63,2.49,0.89
TAC,2020-05-05,1.57,2.42,0.86
TAC,2020-05-06,1.55,2.37,0.84
TAC,2020-05-07,1.54,2.36,0.85
TAC,2020-05-08,1.49,2.30,0.82
TAC,2020-05-09,1.45,2.23,0.78
TAC,2020-05-10,1.41,2.19,0.76
TAC,2020-05-11,1.41,2.18,0.76
TAC,2020-05-12,1.40,2.17,0.76
TAC,2020-05-13,1.40,2.15,0.75
TAC,2020-05-14,1.45,2.22,0.81
TAC,2020-05-15,1.47,2.22,0.82
TAC,2020-05-16,1.48,2.24,0.85
TAC,2020-05-17,1.47,2.21,0.84
TAC,2020-05-18,1.46,2.19,0.84
TAC,2020-05-19,1.42,2.11,0.79
TAC,2020-05-20,1.44,2.12,0.81
TAC,2020-05-21,1.43,2.13,0.83
TAC,2020-05-22,1.46,2.15,0.86
TAC,2020-05-23,1.51,2.19,0.91
TAC,2020-05-24,1.54,2.2,0.94
TAC,2020-05-25,1.56,2.22,0.98
TAC,2020-05-26,1.53,2.14,0.94
TAC,2020-05-27,1.47,2.08,0.91
TAC,2020-05-28,1.47,2.07,0.92
TAC,2020-05-29,1.47,2.06,0.93
TAC,2020-05-30,1.45,2.04,0.93
TAC,2020-05-31,1.45,2.03,0.94
TAC,2020-06-01,1.43,2.0,0.93
TAC,2020-06-02,1.42,1.98,0.93
TAC,2020-06-03,1.39,1.94,0.91
TAC,2020-06-04,1.36,1.90,0.89
TAC,2020-06-05,1.35,1.85,0.86
TAC,2020-06-06,1.32,1.84,0.86
TAC,2020-06-07,1.28,1.81,0.84
TAC,2020-06-08,1.28,1.79,0.83
TAC,2020-06-09,1.28,1.79,0.84
TAC,2020-06-10,1.31,1.8,0.86
TAC,2020-06-11,1.33,1.81,0.88
TAC,2020-06-12,1.32,1.81,0.89
TAC,2020-06-13,1.3,1.79,0.88
TAC,2020-06-14,1.34,1.82,0.92
TAC,2020-06-15,1.37,1.81,0.93
TAC,2020-06-16,1.39,1.85,0.98
TAC,2020-06-17,1.42,1.85,1.0
TAC,2020-06-18,1.46,1.91,1.07
TAC,2020-06-19,1.45,1.85,1.04
TAC,2020-06-20,1.43,1.82,1.03
TAC,2020-06-21,1.38,1.8,1.02
TAC,2020-06-22,1.34,1.74,0.98
TAC,2020-06-23,1.29,1.69,0.94
TAC,2020-06-24,1.23,1.62,0.88
TAC,2020-06-25,1.18,1.57,0.84
TAC,2020-06-26,1.21,1.57,0.85
TAC,2020-06-27,1.22,1.6,0.88
TAC,2020-06-28,1.24,1.61,0.9
TAC,2020-06-29,1.25,1.6,0.9
TAC,2020-06-30,1.23,1.61,0.91
TAC,2020-07-01,1.22,1.58,0.89
TAC,2020-07-02,1.19,1.54,0.86
TAC,2020-07-03,1.17,1.53,0.85
TAC,2020-07-04,1.17,1.52,0.85
TAC,2020-07-05,1.17,1.53,0.86
TAC,2020-07-06,1.18,1.51,0.85
TAC,2020-07-07,1.17,1.52,0.86
TAC,2020-07-08,1.16,1.48,0.83
TAC,2020-07-09,1.15,1.48,0.83
TAC,2020-07-10,1.13,1.48,0.83
TAC,2020-07-11,1.13,1.45,0.81
TAC,2020-07-12,1.12,1.45,0.81
TAC,2020-07-13,1.12,1.46,0.82
TAC,2020-07-14,1.15,1.49,0.85
TAC,2020-07-15,1.16,1.48,0.85
TAC,2020-07-16,1.17,1.5,0.87
TAC,2020-07-17,1.18,1.52,0.89
TAC,2020-07-18,1.18,1.5,0.88
TAC,2020-07-19,1.18,1.51,0.89
TAC,2020-07-20,1.17,1.49,0.88
TUM,2020-04-01,3.0,6.99,1.01
TUM,2020-04-02,3.13,6.36,1.12
TUM,2020-04-03,2.81,5.42,1.11
TUM,2020-04-04,2.6,4.85,1.04
TUM,2020-04-05,2.28,4.22,0.88
TUM,2020-04-06,2.22,4.06,0.87
TUM,2020-04-07,2.03,3.78,0.82
TUM,2020-04-08,2.28,4.06,0.95
TUM,2020-04-09,2.63,4.42,1.22
TUM,2020-04-10,2.69,4.34,1.33
TUM,2020-04-11,2.67,4.12,1.35
TUM,2020-04-12,2.42,3.78,1.28
TUM,2020-04-13,2.1,3.33,1.08
TUM,2020-04-14,1.94,3.11,1.0
TUM,2020-04-15,1.71,2.78,0.83
TUM,2020-04-16,2.03,3.11,1.08
TUM,2020-04-17,2.21,3.28,1.29
TUM,2020-04-18,2.37,3.36,1.47
TUM,2020-04-19,2.30,3.17,1.43
TUM,2020-04-20,2.13,2.96,1.35
TUM,2020-04-21,1.91,2.69,1.19
TUM,2020-04-22,1.72,2.44,1.03
TUM,2020-04-23,1.52,2.23,0.89
TUM,2020-04-24,1.48,2.17,0.86
TUM,2020-04-25,1.44,2.11,0.83
TUM,2020-04-26,1.45,2.13,0.86
TUM,2020-04-27,1.45,2.12,0.87
TUM,2020-04-28,1.5,2.17,0.93
TUM,2020-04-29,1.5,2.14,0.93
TUM,2020-04-30,1.5,2.14,0.95
TUM,2020-05-01,1.44,2.02,0.87
TUM,2020-05-02,1.41,2.0,0.87
TUM,2020-05-03,1.45,2.04,0.92
TUM,2020-05-04,1.49,2.07,0.97
TUM,2020-05-05,1.52,2.09,1.01
TUM,2020-05-06,1.52,2.06,1.01
TUM,2020-05-07,1.47,1.99,0.97
TUM,2020-05-08,1.39,1.93,0.93
TUM,2020-05-09,1.33,1.82,0.85
TUM,2020-05-10,1.28,1.79,0.83
TUM,2020-05-11,1.3,1.8,0.85
TUM,2020-05-12,1.32,1.81,0.87
TUM,2020-05-13,1.34,1.83,0.9
TUM,2020-05-14,1.36,1.85,0.93
TUM,2020-05-15,1.35,1.82,0.92
TUM,2020-05-16,1.35,1.82,0.93
TUM,2020-05-17,1.34,1.79,0.92
TUM,2020-05-18,1.34,1.79,0.93
TUM,2020-05-19,1.32,1.74,0.9
TUM,2020-05-20,1.47,1.89,1.06
TUM,2020-05-21,1.57,1.98,1.17
TUM,2020-05-22,1.67,2.06,1.28
TUM,2020-05-23,1.66,2.05,1.3
TUM,2020-05-24,1.57,1.93,1.21
TUM,2020-05-25,1.47,1.84,1.14
TUM,2020-05-26,1.37,1.72,1.04
TUM,2020-05-27,1.26,1.61,0.94
TUM,2020-05-28,1.29,1.64,0.98
TUM,2020-05-29,1.28,1.62,0.97
TUM,2020-05-30,1.26,1.6,0.96
TUM,2020-05-31,1.25,1.58,0.95
TUM,2020-06-01,1.28,1.6,0.98
TUM,2020-06-02,1.31,1.63,1.02
TUM,2020-06-03,1.35,1.66,1.06
TUM,2020-06-04,1.34,1.66,1.07
TUM,2020-06-05,1.32,1.62,1.04
TUM,2020-06-06,1.26,1.57,1.0
TUM,2020-06-07,1.21,1.51,0.95
TUM,2020-06-08,1.17,1.44,0.89
TUM,2020-06-09,1.19,1.48,0.93
TUM,2020-06-10,1.21,1.49,0.95
TUM,2020-06-11,1.24,1.52,0.98
TUM,2020-06-12,1.24,1.52,0.99
TUM,2020-06-13,1.23,1.5,0.98
TUM,2020-06-14,1.23,1.5,0.98
TUM,2020-06-15,1.21,1.47,0.96
TUM,2020-06-16,1.2,1.44,0.94
TUM,2020-06-17,1.19,1.45,0.95
TUM,2020-06-18,1.18,1.42,0.93
TUM,2020-06-19,1.17,1.43,0.94
TUM,2020-06-20,1.16,1.42,0.93
TUM,2020-06-21,1.14,1.38,0.9
TUM,2020-06-22,1.14,1.39,0.91
TUM,2020-06-23,1.13,1.39,0.91
TUM,2020-06-24,1.13,1.36,0.89
TUM,2020-06-25,1.14,1.38,0.91
TUM,2020-06-26,1.14,1.39,0.92
TUM,2020-06-27,1.15,1.38,0.92
TUM,2020-06-28,1.17,1.41,0.95
TUM,2020-06-29,1.18,1.43,0.97
TUM,2020-06-30,1.21,1.44,0.99
TUM,2020-07-01,1.22,1.46,1.01
TUM,2020-07-02,1.22,1.45,1.01
TUM,2020-07-03,1.2,1.41,0.98
TUM,2020-07-04,1.17,1.40,0.97
TUM,2020-07-05,1.13,1.36,0.93
TUM,2020-07-06,1.11,1.31,0.89
TUM,2020-07-07,1.08,1.29,0.87
TUM,2020-07-08,1.08,1.29,0.87
TUM,2020-07-09,1.08,1.3,0.88
TUM,2020-07-10,1.09,1.31,0.89
TUM,2020-07-11,1.09,1.32,0.9
TUM,2020-07-12,1.09,1.32,0.9
TUM,2020-07-13,1.07,1.3,0.88
TUM,2020-07-14,1.05,1.25,0.84
TUM,2020-07-15,1.04,1.24,0.83
TUM,2020-07-16,1.03,1.23,0.82
TUM,2020-07-17,1.03,1.23,0.82
TUM,2020-07-18,1.04,1.27,0.85
TUM,2020-07-19,1.05,1.25,0.84
TUM,2020-07-20,1.06,1.26,0.85
UCA,2020-04-10,3.0,6.99,1.01
UCA,2020-04-11,3.29,7.03,1.19
UCA,2020-04-12,3.38,6.51,1.31
UCA,2020-04-13,3.65,6.35,1.59
UCA,2020-04-14,3.57,5.79,1.69
UCA,2020-04-15,3.37,5.26,1.73
UCA,2020-04-16,3.14,4.74,1.67
UCA,2020-04-17,3.05,4.46,1.73
UCA,2020-04-18,2.9,4.16,1.73
UCA,2020-04-19,2.75,3.89,1.71
UCA,2020-04-20,2.61,3.65,1.68
UCA,2020-04-21,2.44,3.38,1.59
UCA,2020-04-22,2.45,3.32,1.67
UCA,2020-04-23,2.39,3.16,1.65
UCA,2020-04-24,2.26,2.98,1.59
UCA,2020-04-25,2.2,2.87,1.58
UCA,2020-04-26,2.14,2.77,1.57
UCA,2020-04-27,2.16,2.75,1.63
UCA,2020-04-28,2.18,2.73,1.69
UCA,2020-04-29,2.13,2.63,1.67
UCA,2020-04-30,2.08,2.52,1.63
UCA,2020-05-01,1.94,2.38,1.54
UCA,2020-05-02,1.79,2.19,1.40
UCA,2020-05-03,1.65,2.05,1.29
UCA,2020-05-04,1.55,1.93,1.2
UCA,2020-05-05,1.5,1.87,1.16
UCA,2020-05-06,1.45,1.82,1.13
UCA,2020-05-07,1.42,1.77,1.1
UCA,2020-05-08,1.40,1.73,1.08
UCA,2020-05-09,1.37,1.71,1.07
UCA,2020-05-10,1.35,1.69,1.06
UCA,2020-05-11,1.33,1.64,1.03
UCA,2020-05-12,1.3,1.6,1.0
UCA,2020-05-13,1.27,1.57,0.98
UCA,2020-05-14,1.23,1.55,0.96
UCA,2020-05-15,1.2,1.51,0.93
UCA,2020-05-16,1.2,1.49,0.92
UCA,2020-05-17,1.21,1.52,0.95
UCA,2020-05-18,1.23,1.52,0.96
UCA,2020-05-19,1.25,1.52,0.97
UCA,2020-05-20,1.25,1.54,0.99
UCA,2020-05-21,1.22,1.51,0.97
UCA,2020-05-22,1.2,1.46,0.93
UCA,2020-05-23,1.16,1.44,0.91
UCA,2020-05-24,1.13,1.42,0.89
UCA,2020-05-25,1.13,1.40,0.88
UCA,2020-05-26,1.14,1.41,0.89
UCA,2020-05-27,1.17,1.44,0.92
UCA,2020-05-28,1.19,1.45,0.94
UCA,2020-05-29,1.21,1.48,0.97
UCA,2020-05-30,1.23,1.48,0.98
UCA,2020-05-31,1.23,1.47,0.98
UCA,2020-06-01,1.25,1.51,1.02
UCA,2020-06-02,1.28,1.53,1.05
UCA,2020-06-03,1.29,1.53,1.06
UCA,2020-06-04,1.29,1.52,1.06
UCA,2020-06-05,1.27,1.52,1.06
UCA,2020-06-06,1.24,1.47,1.02
UCA,2020-06-07,1.23,1.44,1.0
UCA,2020-06-08,1.22,1.45,1.01
UCA,2020-06-09,1.24,1.46,1.03
UCA,2020-06-10,1.28,1.51,1.08
UCA,2020-06-11,1.3,1.52,1.1
UCA,2020-06-12,1.3,1.51,1.1
UCA,2020-06-13,1.28,1.47,1.07
UCA,2020-06-14,1.24,1.45,1.05
UCA,2020-06-15,1.21,1.41,1.02
UCA,2020-06-16,1.19,1.40,1.01
UCA,2020-06-17,1.19,1.40,1.01
UCA,2020-06-18,1.2,1.40,1.02
UCA,2020-06-19,1.21,1.42,1.04
UCA,2020-06-20,1.21,1.40,1.03
UCA,2020-06-21,1.19,1.39,1.02
UCA,2020-06-22,1.18,1.36,1.0
UCA,2020-06-23,1.18,1.37,1.01
UCA,2020-06-24,1.2,1.39,1.03
UCA,2020-06-25,1.22,1.40,1.05
UCA,2020-06-26,1.24,1.43,1.08
UCA,2020-06-27,1.26,1.43,1.09
UCA,2020-06-28,1.25,1.44,1.1
UCA,2020-06-29,1.25,1.42,1.09
UCA,2020-06-30,1.25,1.42,1.09
UCA,2020-07-01,1.25,1.41,1.09
UCA,2020-07-02,1.25,1.42,1.1
UCA,2020-07-03,1.23,1.38,1.07
UCA,2020-07-04,1.19,1.35,1.04
UCA,2020-07-05,1.16,1.32,1.01
UCA,2020-07-06,1.12,1.28,0.97
UCA,2020-07-07,1.09,1.26,0.95
UCA,2020-07-08,1.08,1.23,0.93
UCA,2020-07-09,1.08,1.23,0.93
UCA,2020-07-10,1.08,1.23,0.93
UCA,2020-07-11,1.07,1.22,0.92
UCA,2020-07-12,1.06,1.21,0.91
UCA,2020-07-13,1.05,1.2,0.9
UCA,2020-07-14,1.04,1.19,0.89
UCA,2020-07-15,1.03,1.18,0.88
UCA,2020-07-16,1.02,1.18,0.88
UCA,2020-07-17,1.02,1.18,0.88
UCA,2020-07-18,1.03,1.18,0.88
UCA,2020-07-19,1.03,1.18,0.88
UCA,2020-07-20,1.04,1.19,0.89